p1,p2,label,f_label
Q8NEJ9,Q5C9Z4,1,IDPPI
Q2QGD7,P61964,1,IDPPI
Q969F0,Q95460,1,IDPPI
O60504,Q8IXY8,1,IDPPI
O75367,A1L162,1,IDPPI
O75360,A5LHX3,1,IDPPI
A0PK05,Q3MUY2,1,IDPPI
Q9Y2D8,P61964,1,IDPPI
P31751,O60504,1,IDPPI
Q9UPU3,Q9BRQ0,1,IDPPI
Q86VK4,Q16589,1,IDPPI
Q96QF0,Q86TG7,1,IDPPI
O43889,Q8N6L1,1,IDPPI
Q68D86,Q86SG2,1,IDPPI
Q9UHF1,A6NK89,1,IDPPI
O43889,Q14849,1,IDPPI
P20393,P49441,1,IDPPI
Q9BWG6,Q8N4C7,1,IDPPI
O43711,A5LHX3,1,IDPPI
Q9H0I2,Q86SG2,1,IDPPI
Q8N7W2,O60678,1,IDPPI
O75367,Q8N9E0,1,IDPPI
Q6PL24,Q12893,1,IDPPI
Q13115,Q8IV50,1,IDPPI
Q14696,P08582,1,IDPPI
Q9H9P5,Q9ULW5,1,IDPPI
Q68D86,P33993,1,IDPPI
Q9H0I2,Q6PJ21,1,IDPPI
Q13115,Q96S90,1,IDPPI
Q13444,Q8N9N5,1,IDPPI
O43889,O95139,1,IDPPI
P40426,P56539,1,IDPPI
O14964,A5LHX3,1,IDPPI
Q9GZV1,Q8IX15,1,IDPPI
Q8NCF5,Q569K6,1,IDPPI
Q13444,P37198,1,IDPPI
Q9NS37,P14621,1,IDPPI
Q96N21,Q5TBC7,1,IDPPI
Q2TAP0,O14964,1,IDPPI
O15499,P33402,1,IDPPI
P78317,O15381,1,IDPPI
Q8N0V3,P56539,1,IDPPI
P48380,Q8HWS3,1,IDPPI
Q9UEG4,Q14541,1,IDPPI
Q96KN9,Q5JXX7,1,IDPPI
Q16659,Q9GZV1,1,IDPPI
Q9ULW8,Q04864,1,IDPPI
Q6ZSS7,Q16553,1,IDPPI
Q9NYB9,O94856,1,IDPPI
P30622,Q04864,1,IDPPI
P04053,Q04864,1,IDPPI
Q5VWX1,Q9UQ90,1,IDPPI
P46926,P43364,1,IDPPI
Q9HD26,Q969R2,1,IDPPI
Q12933,Q5T8A7,1,IDPPI
O75031,Q6ZSG2,1,IDPPI
P50222,O60678,1,IDPPI
Q5JX71,I3L0A0,1,IDPPI
O15294,Q8NDX5,1,IDPPI
P31751,P50222,1,IDPPI
Q13907,Q8N720,1,IDPPI
Q8N350,Q5R3K3,1,IDPPI
Q9Y282,P16150,1,IDPPI
Q8N7C3,A6NE82,1,IDPPI
P02008,A8MQ03,1,IDPPI
Q6PEV8,P61964,1,IDPPI
Q8TAP6,Q9P1Z0,1,IDPPI
Q9ULW8,Q0VD86,1,IDPPI
Q12933,Q9C0A6,1,IDPPI
P50222,Q5TBC7,1,IDPPI
Q99750,P07510,1,IDPPI
Q16553,Q8IXB3,1,IDPPI
Q9BXS5,Q14872,1,IDPPI
Q5JX71,Q5W0B7,1,IDPPI
Q9UMX1,Q9UJ55,1,IDPPI
P54253,Q9UPU3,1,IDPPI
Q9H4L5,Q96MX3,1,IDPPI
Q9UJV3,P14652,1,IDPPI
P14652,Q9UHB4,1,IDPPI
P50222,Q9Y4P3,1,IDPPI
P07510,A8MQ03,1,IDPPI
O95447,Q6KB66,1,IDPPI
Q9H5N1,Q8N1B4,1,IDPPI
Q13895,Q96MX3,1,IDPPI
P78424,P34932,1,IDPPI
P50222,P49441,1,IDPPI
P50222,P29803,1,IDPPI
Q8WVK2,P78362,1,IDPPI
O75367,Q6ZUT1,1,IDPPI
P50548,Q96EZ8,1,IDPPI
Q9UMX1,Q86VQ0,1,IDPPI
Q8NHQ1,Q9P1Z0,1,IDPPI
Q96BX8,Q15583,1,IDPPI
Q8IUW5,Q9NSU2,1,IDPPI
Q14CN2,P16150,1,IDPPI
Q9UBB9,Q86VQ0,1,IDPPI
O43765,P16150,1,IDPPI
Q86SG2,Q86YD7,1,IDPPI
P50222,Q9H7X0,1,IDPPI
Q9BQA9,P16150,1,IDPPI
P02008,P02042,1,PPI
O95751,Q86TG7,1,PPI
Q9H1Y0,Q9H0Y0,1,PPI
Q96JS3,Q9P0L1,1,PPI
Q9BYM8,O14933,1,PPI
P36405,O43924,1,PPI
P30049,P56381,1,PPI
P63208,Q86XK2,1,PPI
Q13432,P36405,1,PPI
O14933,O95376,1,PPI
Q8WYJ6,Q9UHD8,1,PPI
Q9Y2Y0,P36405,1,PPI
Q17RB8,O14933,1,PPI
P56557,O15243,1,PPI
Q9UHI5,P08195,1,PPI
O14933,Q8N9I9,1,PPI
Q13426,P49917,1,PPI
Q49AR2,P60002,1,PPI
Q96EQ8,O14933,1,PPI
Q6UWR7,Q12797,1,PPI
Q9NWF9,O14933,1,PPI
P33993,Q9BTE3,1,PPI
Q9HAU4,Q8WWV3,1,PPI
Q7Z2K6,Q95460,1,PPI
O43765,Q9BT88,1,PPI
Q9BXJ8,O15243,1,PPI
Q9BVG3,O14933,1,PPI
O43765,O60235,1,PPI
Q5BVD1,Q8NET6,1,PPI
P78508,Q8IUQ4,1,PPI
Q92624,Q96LR4,1,PPI
Q92624,Q9H239,1,PPI
Q9NP81,Q96HA8,1,PPI
O60341,Q86SG2,1,PPI
Q9UI95,O75688,1,PPI
Q9UJV3,Q9UHF1,1,PPI
Q15257,Q5JTZ9,1,PPI
Q08426,Q5JTZ9,1,PPI
Q712K3,O00560,1,PPI
Q9NXC2,Q7Z3S9,1,PPI
P02008,Q96HA8,1,PPI
Q12893,Q96MV1,1,PPI
P40259,O43765,1,PPI
Q07325,Q95460,1,PPI
Q92624,Q9BT88,1,PPI
P80188,P13667,1,PPI
P30825,O15243,1,PPI
Q9NV12,Q16553,1,PPI
O43581,Q8IUQ4,1,PPI
Q9UI14,Q12893,1,PPI
O96015,O95837,1,PPI
Q9H2F3,Q9UHF1,1,PPI
Q92624,Q9H1J7,1,PPI
Q9Y5B8,Q9UBC1,1,PPI
Q92624,P26992,1,PPI
Q13464,Q9BUI4,1,PPI
Q92624,P34932,1,PPI
P08582,Q7Z3S9,1,PPI
P19397,P0DPD6,1,PPI
Q9Y3D8,Q92597,1,PPI
Q5TD97,Q9ULW5,1,PPI
Q14161,Q7L5D6,1,PPI
Q9HAQ2,Q15051,1,PPI
Q5W0B7,Q7Z7N9,1,PPI
P02008,Q7Z3S9,1,PPI
P54852,Q95460,1,PPI
Q15645,Q96JB6,1,PPI
Q12893,Q9Y320,1,PPI
Q9NRD5,P61966,1,PPI
P35372,Q5W0B7,1,PPI
Q9NRD5,P31751,1,PPI
O43482,Q9ULW5,1,PPI
P04053,A8MW99,1,PPI
Q13137,Q86TG7,1,PPI
O43759,O15243,1,PPI
O95273,Q8N393,1,PPI
Q92624,Q8IXY8,1,PPI
P13284,Q7Z3S9,1,PPI
Q9NRG1,P46926,1,PPI
Q9NYP9,Q7L2K0,1,PPI
Q92624,Q712K3,1,PPI
P16410,Q4LDR2,1,PPI
Q3MIX3,Q7Z3S9,1,PPI
Q96IW7,Q8TDF6,1,PPI
Q9H8M7,P0CI25,1,PPI
P31785,Q7Z3S9,1,PPI
Q8NAT1,Q7Z3S9,1,PPI
O76083,P61964,1,PPI
Q13464,Q8IYR0,1,PPI
Q9NYY3,Q86Y33,1,PPI
P02008,O95273,1,PPI
Q9UQN3,Q12933,1,PPI
Q9NS00,O15243,1,PPI
Q9UI14,Q13586,1,PPI
P29373,Q8NFF5,1,PPI
Q13733,Q9NPQ8,1,PPI
Q86SG2,Q8NA54,1,PPI
P62487,Q5TBC7,1,PPI
P00742,Q7Z3S9,1,PPI
Q9BVG8,P33993,1,PPI
Q9NWS9,Q9P0L1,0,IDPPI
Q8NEJ9,Q5C9Z4,0,IDPPI
O15499,Q712K3,0,IDPPI
P0DPD6,Q8N205,0,IDPPI
Q86SG2,Q96GN5,0,IDPPI
Q15382,O43889,0,IDPPI
Q7Z4G4,Q9UHG0,0,IDPPI
Q12893,Q8N205,0,IDPPI
Q9ULV5,Q9NXC2,0,IDPPI
Q14005,P08133,0,IDPPI
P11169,O43889,0,IDPPI
O75367,A1L162,0,IDPPI
O43639,Q9H3Y6,0,IDPPI
P31751,Q7Z6J0,0,IDPPI
O75360,A5LHX3,0,IDPPI
O43639,Q92752,0,IDPPI
Q9UHF1,O14964,0,IDPPI
Q8TC94,Q2TAL8,0,IDPPI
P29373,Q8N6L0,0,IDPPI
Q8WVC0,O75764,0,IDPPI
Q13115,Q96N21,0,IDPPI
P61964,O15151,0,IDPPI
O43167,Q8N456,0,IDPPI
A0PK05,Q3MUY2,0,IDPPI
Q68D86,P49703,0,IDPPI
P31751,O60504,0,IDPPI
Q9UPU3,Q9BRQ0,0,IDPPI
Q86VK4,Q16589,0,IDPPI
Q96QF0,Q86TG7,0,IDPPI
Q9UHF1,A6NK89,0,IDPPI
P20393,P49441,0,IDPPI
Q9BWG6,Q8N4C7,0,IDPPI
O43711,A5LHX3,0,IDPPI
Q8N7W2,O60678,0,IDPPI
O75367,Q8N9E0,0,IDPPI
Q6PL24,Q12893,0,IDPPI
Q13115,Q8IV50,0,IDPPI
Q14696,P08582,0,IDPPI
Q9H9P5,Q9ULW5,0,IDPPI
Q68D86,P33993,0,IDPPI
Q9H0I2,Q6PJ21,0,IDPPI
Q13115,Q96S90,0,IDPPI
Q13444,Q8N9N5,0,IDPPI
P40426,P56539,0,IDPPI
O14964,A5LHX3,0,IDPPI
Q9GZV1,Q8IX15,0,IDPPI
Q13444,P37198,0,IDPPI
Q9NS37,P14621,0,IDPPI
Q96N21,Q5TBC7,0,IDPPI
Q2TAP0,O14964,0,IDPPI
O15499,P33402,0,IDPPI
P78317,O15381,0,IDPPI
Q8N0V3,P56539,0,IDPPI
P48380,Q8HWS3,0,IDPPI
Q9UEG4,Q14541,0,IDPPI
Q96KN9,Q5JXX7,0,IDPPI
Q16659,Q9GZV1,0,IDPPI
Q9ULW8,Q04864,0,IDPPI
Q6ZSS7,Q16553,0,IDPPI
Q9NYB9,O94856,0,IDPPI
P04053,Q04864,0,IDPPI
Q5VWX1,Q9UQ90,0,IDPPI
P46926,P43364,0,IDPPI
Q9HD26,Q969R2,0,IDPPI
Q8N350,Q5R3K3,0,IDPPI
Q9ULW8,Q0VD86,0,IDPPI
Q16553,Q8IXB3,0,IDPPI
P54253,Q9UPU3,0,IDPPI
Q9H4L5,Q96MX3,0,IDPPI
P14652,Q9UHB4,0,IDPPI
Q13895,Q96MX3,0,IDPPI
P78424,P34932,0,IDPPI
Q8WVK2,P78362,0,IDPPI
O75367,Q6ZUT1,0,IDPPI
Q96BX8,Q15583,0,IDPPI
Q86SG2,Q86YD7,0,IDPPI
P61964,Q9Y5X4,0,IDPPI
Q9Y3D8,Q92597,0,IDPPI
Q9NWV8,Q9NXR7,0,IDPPI
P61764,Q8N4C7,0,IDPPI
Q9Y315,Q8IZ83,0,IDPPI
Q9H270,Q96JC1,0,IDPPI
O43309,Q9P0L1,0,IDPPI
Q9UBF6,Q93034,0,IDPPI
Q96EF0,Q96QG7,0,IDPPI
Q9Y5Y2,Q8TB37,0,IDPPI
P24863,P49336,0,IDPPI
Q96JS3,Q9P0L1,0,IDPPI
P36405,O43924,0,IDPPI
P30049,P56381,0,IDPPI
O14933,O95376,0,IDPPI
Q8WYJ6,Q9UHD8,0,IDPPI
P15880,O60678,0,IDPPI
Q9UHI5,P08195,0,IDPPI
O14933,Q8N9I9,0,IDPPI
Q13426,P49917,0,IDPPI
Q49AR2,P60002,0,IDPPI
Q6UWR7,Q12797,0,IDPPI
P33993,Q9BTE3,0,IDPPI
Q9HAU4,Q8WWV3,0,IDPPI
O60760,P08582,0,IDPPI
Q9NP97,O14576,0,IDPPI
P61964,Q9Y5X4,0,IDPPI
Q8N5I4,Q9Y5Q0,0,IDPPI
Q9UI95,O75688,0,IDPPI
Q9UJV3,Q9UHF1,0,IDPPI
Q15257,Q5JTZ9,0,IDPPI
Q08426,Q5JTZ9,0,IDPPI
Q12893,Q96MV1,0,IDPPI
P30825,Q13586,0,IDPPI
O15488,P13807,0,IDPPI
Q9NV12,Q16553,0,IDPPI
Q9UI14,Q12893,0,IDPPI
O96015,O95837,0,IDPPI
Q9H2F3,Q9UHF1,0,IDPPI
Q13464,Q9BUI4,0,IDPPI
P19397,P0DPD6,0,IDPPI
Q9Y3D8,Q92597,0,IDPPI
Q5TD97,Q9ULW5,0,IDPPI
Q14161,Q7L5D6,0,IDPPI
P35372,Q5W0B7,0,IDPPI
O43482,Q9ULW5,0,IDPPI
P04053,A8MW99,0,IDPPI
Q92989,O43320,0,IDPPI
Q6UXT9,Q2TAL6,0,IDPPI
Q99551,Q5BJH2,0,IDPPI
P34932,Q6RW13,0,IDPPI
Q9NRG1,P46926,0,IDPPI
P16410,Q4LDR2,0,IDPPI
Q96IW7,Q8TDF6,0,IDPPI
Q9H8M7,P0CI25,0,IDPPI
Q13464,Q8IYR0,0,IDPPI
Q9NYY3,Q86Y33,0,IDPPI
Q9UI14,Q13586,0,IDPPI
P29373,Q8NFF5,0,IDPPI
Q13733,Q9NPQ8,0,IDPPI
P08243,A2RRH5,0,IDPPI
Q9BUP3,Q12893,0,IDPPI
Q86SG2,Q8NA54,0,IDPPI
P62487,Q5TBC7,0,IDPPI
P78362,Q5C9Z4,0,IDPPI
O43586,Q9UQ90,0,IDPPI
Q9BVG8,P33993,0,IDPPI
Q5MJ10,O15066,0,IDPPI
P57077,Q96KK4,0,IDPPI
Q8IXS0,P53803,0,IDPPI
Q9NY74,Q96AQ7,0,IDPPI
Q6UXB2,O75317,0,IDPPI
Q5QJE6,Q9BXR6,0,IDPPI
Q9H1M3,P48740,0,IDPPI
Q6ZP68,Q9H9P8,0,IDPPI
P80723,Q96KN2,0,IDPPI
Q9Y5U2,Q9NS66,0,IDPPI
Q8N446,Q8N7X4,0,IDPPI
Q09MP3,Q5T440,0,IDPPI
Q05952,Q92674,0,IDPPI
Q5FBB7,Q9H7H0,0,IDPPI
Q9H9R9,Q9BTX1,0,IDPPI
A8MWX3,Q86VL8,0,IDPPI
O43561,Q9BSJ2,0,IDPPI
Q13956,P83105,0,IDPPI
A8MTZ7,Q9H841,0,IDPPI
Q12778,Q8TAE8,0,IDPPI
Q6IQ19,Q8IYS1,0,IDPPI
Q9H8U3,Q9BPX6,0,IDPPI
Q5T3I0,Q6IEE7,0,IDPPI
Q6PH81,Q15208,0,IDPPI
Q96JE9,Q8N104,0,IDPPI
Q8TDC0,P37268,0,IDPPI
Q68CR7,Q96M93,0,IDPPI
Q96S07,O43657,0,IDPPI
Q8N412,O00291,0,IDPPI
Q96RJ3,Q969M3,0,IDPPI
Q9H1M3,Q86UY6,0,IDPPI
P53814,P45984,0,IDPPI
Q8TCD1,Q8IZJ0,0,IDPPI
Q5FBB7,Q96BW1,0,IDPPI
Q9BRD0,O43866,0,IDPPI
Q9BT81,Q9Y5G3,0,IDPPI
Q9NXF7,Q15124,0,IDPPI
Q9H320,O43617,0,IDPPI
Q8WW12,Q92692,0,IDPPI
Q9UQR1,P61626,0,IDPPI
O75081,Q96BZ9,0,IDPPI
Q96MZ4,Q8N7M0,0,IDPPI
Q5T1N1,Q6UXH0,0,IDPPI
Q14244,P49848,0,IDPPI
Q9Y675,O94889,0,IDPPI
Q9C0C6,Q6KB66,0,IDPPI
Q5BKZ1,O75879,0,IDPPI
P05114,P50579,0,IDPPI
Q96LM5,Q9UNQ2,0,IDPPI
Q96BM0,O43490,0,IDPPI
Q8TAP8,Q9Y3B7,0,IDPPI
A6NER3,Q53RT3,0,IDPPI
Q8TDR4,P20248,0,IDPPI
Q6UXB0,Q8WUM4,0,IDPPI
P59861,O15550,0,IDPPI
Q66K89,Q7Z698,0,IDPPI
P04921,Q71RC9,0,IDPPI
Q6UWP8,Q9NRV9,0,IDPPI
Q9H3Q1,Q9UKJ5,0,IDPPI
Q6UE05,Q9BRQ8,0,IDPPI
Q8NC26,Q7RTP0,0,IDPPI
O75362,Q15119,0,IDPPI
Q96EH5,K7EJ46,0,IDPPI
Q9NQ92,Q495M3,0,IDPPI
Q8N8V8,Q008S8,0,IDPPI
Q5MJ10,Q15620,0,IDPPI
Q7Z5L2,O95727,0,IDPPI
Q99607,P86791,0,IDPPI
P60006,P41218,0,IDPPI
Q9NW97,Q70J99,0,IDPPI
P52945,P48668,0,IDPPI
Q8IWC1,Q13042,0,IDPPI
Q9NYZ3,Q08426,0,IDPPI
Q8N4L4,P60842,0,IDPPI
Q63HQ0,Q8NGZ2,0,IDPPI
Q01538,Q9HBL8,0,IDPPI
B1ATL7,P28325,0,IDPPI
Q9HD64,Q9NX18,0,IDPPI
Q96AV8,Q96MK3,0,IDPPI
Q7Z5B4,Q04323,0,IDPPI
Q68G75,Q8WUT4,0,IDPPI
Q14761,Q495B1,0,IDPPI
P01350,Q8NH40,0,IDPPI
Q9BT81,P13569,0,IDPPI
P53814,Q8NFZ8,0,IDPPI
Q9H3Q1,P36406,0,IDPPI
Q9BYQ7,P54849,0,IDPPI
Q6ZRI6,Q9HA77,0,IDPPI
Q8NCQ2,Q9BX68,0,IDPPI
Q14695,Q6UXS0,0,IDPPI
Q8NET1,Q969W1,0,IDPPI
Q96QD9,Q15031,0,IDPPI
Q8N446,O75936,0,IDPPI
P02686,O75830,0,IDPPI
Q7Z422,Q9UG56,0,IDPPI
Q6PGN9,P0C5Y9,0,IDPPI
Q8N7X1,Q8N945,0,IDPPI
P56693,Q14147,0,IDPPI
A8MX34,P41567,0,IDPPI
Q9HBE1,O60423,0,IDPPI
Q99583,Q9H3Z4,0,IDPPI
Q14CW9,Q9Y4Z0,0,IDPPI
Q15517,Q86SG7,0,IDPPI
Q68CJ9,Q9BSN7,0,IDPPI
Q5H9L2,P00568,0,IDPPI
Q9H246,Q6PHR2,0,IDPPI
Q96GU1,A4D1T9,0,IDPPI
O94993,B2RV13,0,IDPPI
O14490,Q9BUB5,0,IDPPI
Q8WXT5,Q6NXT4,0,IDPPI
Q5VWG9,Q9BSJ8,0,IDPPI
P15336,Q9P0R6,0,IDPPI
O15090,Q9P217,0,IDPPI
Q8NFW5,Q9Y240,0,IDPPI
Q96AQ9,Q8IVN8,0,IDPPI
Q8N0W7,Q86XI2,0,IDPPI
Q5VWT5,P10619,0,IDPPI
E9PI22,P05166,0,IDPPI
Q6P4E1,Q9BZ72,0,IDPPI
Q5SV97,Q6TGC4,0,IDPPI
Q96B01,O95602,0,IDPPI
Q08648,O43511,0,IDPPI
Q5VZ46,Q99643,0,IDPPI
P55808,Q96IV0,0,IDPPI
Q8IY42,Q9Y271,0,IDPPI
Q9UK28,Q7Z6M2,0,IDPPI
Q14247,Q9NQW8,0,IDPPI
P49716,Q96PM5,0,IDPPI
Q8N3Z6,Q6ZT89,0,IDPPI
Q9NU63,Q6UW01,0,IDPPI
Q96T21,Q8NGJ2,0,IDPPI
Q5HY64,P23470,0,IDPPI
Q96GU1,Q8TCT1,0,IDPPI
Q8IYA8,Q8NBX0,0,IDPPI
Q6NZ36,Q12834,0,IDPPI
Q8N446,Q5JVF3,0,IDPPI
Q9NU39,O95255,0,IDPPI
Q96MA1,O95758,0,IDPPI
Q8IZS5,Q9Y291,0,IDPPI
Q6ZRT6,Q8N4V2,0,IDPPI
Q969X0,Q9H1B5,0,IDPPI
Q14526,Q9HA72,0,IDPPI
P60329,Q9UL33,0,IDPPI
Q14641,Q07889,0,IDPPI
Q96DF8,Q9NPJ1,0,IDPPI
P81277,Q9BXB7,0,IDPPI
Q0ZGT2,Q04760,0,IDPPI
P62328,Q9UI38,0,IDPPI
Q5T742,Q4ZJI4,0,IDPPI
P37275,Q30KQ8,0,IDPPI
Q6AI39,Q16651,0,IDPPI
P10636,Q9Y225,0,IDPPI
Q9NS56,Q86W25,0,IDPPI
Q16633,P01732,0,IDPPI
P82970,O00462,0,IDPPI
Q9NR83,Q9Y2P4,0,IDPPI
Q86Z20,Q6ZV89,0,IDPPI
P35318,Q9Y219,0,IDPPI
Q8N3D4,Q8WU67,0,IDPPI
Q6IC83,P24752,0,IDPPI
Q8NA57,Q99615,0,IDPPI
Q96SC8,P48506,0,IDPPI
Q96I45,P01876,0,IDPPI
Q8N3V7,Q96I15,0,IDPPI
Q5SV97,O94762,0,IDPPI
Q9NPG3,Q8NE28,0,IDPPI
Q07627,Q86VR7,0,IDPPI
Q6UW49,Q9Y3L3,0,IDPPI
Q9NY43,Q5T4B2,0,IDPPI
Q4V9L6,P26368,0,IDPPI
Q3B7T3,Q5GJ75,0,IDPPI
Q86SQ0,Q6P1K2,0,IDPPI
Q17RA5,P51790,0,IDPPI
Q9H7N4,P01116,0,IDPPI
Q9BRT6,Q08ER8,0,IDPPI
Q96EG3,O94953,0,IDPPI
Q96I45,O43463,0,IDPPI
Q9H246,Q8NB14,0,IDPPI
Q8NDY8,Q8NC96,0,IDPPI
Q9Y442,Q7Z4R8,0,IDPPI
P20366,Q71U36,0,IDPPI
Q14242,P20160,0,IDPPI
P31269,Q86TG1,0,IDPPI
Q9NXZ1,P22234,0,IDPPI
P41225,P05546,0,IDPPI
P01213,O14787,0,IDPPI
Q96NL1,P54098,0,IDPPI
Q76G19,Q6ZMT9,0,IDPPI
P32314,P19883,0,IDPPI
Q9NP98,Q8NGY2,0,IDPPI
Q9Y2D1,P62324,0,IDPPI
Q86SQ0,O75747,0,IDPPI
Q96G27,Q96NN9,0,IDPPI
Q7Z6I8,Q6GMV3,0,IDPPI
Q9BQ61,Q9Y5Z6,0,IDPPI
Q7Z7J9,Q8TCT6,0,IDPPI
Q569H4,Q9Y5I7,0,IDPPI
P17676,O00189,0,IDPPI
O95429,Q8N4T8,0,IDPPI
Q8WZ55,P78344,0,IDPPI
P81172,P54198,0,IDPPI
Q0P6D6,Q9Y397,0,IDPPI
O94875,Q96FV9,0,IDPPI
Q6ZR85,Q9H6Q3,0,IDPPI
Q8N4C9,Q9HC38,0,IDPPI
Q9BYE4,Q02318,0,IDPPI
Q6UXA7,Q9UQ10,0,IDPPI
A6NDZ8,Q16531,0,IDPPI
O00268,Q8TD86,0,IDPPI
Q13495,Q8NGX5,0,IDPPI
Q5J8M3,Q9NRR6,0,IDPPI
Q13536,Q16772,0,IDPPI
Q8NEA5,O95461,0,IDPPI
Q8WVI0,Q9NZI5,0,IDPPI
Q9UQF0,P30825,0,IDPPI
Q9H8U3,O95816,0,IDPPI
H3BQB6,Q9UL52,0,IDPPI
P27658,P33032,0,IDPPI
Q7L4S7,Q14703,0,IDPPI
Q6ZR62,Q86VN1,0,IDPPI
Q14247,O43688,0,IDPPI
Q9P2W6,Q8N0U4,0,IDPPI
O75362,Q9HA47,0,IDPPI
Q5U5X8,Q9BQI0,0,IDPPI
O43164,Q96EY8,0,IDPPI
Q9H3H9,O15503,0,IDPPI
A6NGG8,Q5VTT5,0,IDPPI
Q3B7T3,P21964,0,IDPPI
Q6ZV80,Q32M84,0,IDPPI
O95810,Q8NGD4,0,IDPPI
Q13127,Q9UHF5,0,IDPPI
Q8N8V8,O43252,0,IDPPI
P27658,Q96P67,0,IDPPI
Q5T0B9,O15218,0,IDPPI
Q6ZVN7,Q8NCR0,0,IDPPI
O00257,O15427,0,IDPPI
P09430,P48023,0,IDPPI
Q8IWD4,O76021,0,IDPPI
Q96KP6,Q96B42,0,IDPPI
Q02930,Q8IZF4,0,IDPPI
Q13015,Q5ZPR3,0,IDPPI
Q9C0B9,P02749,0,IDPPI
Q92567,P63211,0,IDPPI
Q3C1V8,O43193,0,IDPPI
Q15025,Q8NH40,0,IDPPI
Q49A92,O95807,0,IDPPI
Q96KT0,O14832,0,IDPPI
Q9BWW9,Q08188,0,IDPPI
Q8IVH2,P45983,0,IDPPI
Q68DK7,Q9Y2Y6,0,IDPPI
Q9NQG1,Q9UBX1,0,IDPPI
Q9BYU5,O43175,0,IDPPI
Q12778,Q6PML9,0,IDPPI
Q96PV7,P08729,0,IDPPI
A2RU30,Q9NNX1,0,IDPPI
P49716,O75900,0,IDPPI
Q5JRC9,Q9UQ80,0,IDPPI
Q9ULS5,Q96EQ8,0,IDPPI
Q9ULJ3,Q99447,0,IDPPI
Q03989,Q6GV28,0,IDPPI
Q02078,Q9NTJ5,0,IDPPI
O43823,Q86W10,0,IDPPI
A6NMT0,P49902,0,IDPPI
Q8NC38,P57721,0,IDPPI
A6NLJ0,Q8TCB6,0,IDPPI
Q5T6X4,Q8NGL7,0,IDPPI
P43699,Q12887,0,IDPPI
Q4KMQ1,Q96MN2,0,IDPPI
Q4G0I0,Q8TDR2,0,IDPPI
B8ZZ34,Q9GZN1,0,IDPPI
Q9NQL9,P49840,0,IDPPI
Q8NA61,Q8WY98,0,IDPPI
Q5TG53,Q99435,0,IDPPI
Q9P127,Q96MT1,0,IDPPI
Q96NL1,Q9BYG7,0,IDPPI
Q6ZSJ9,P20674,0,IDPPI
A8MZG2,Q8N398,0,IDPPI
Q96KM6,Q8N5T2,0,IDPPI
P02686,Q6UWB1,0,IDPPI
Q4G112,Q8NGP8,0,IDPPI
Q5T953,Q15042,0,IDPPI
Q8WWF1,Q2QL34,0,IDPPI
P60508,Q9UIV1,0,IDPPI
Q8TCD1,P23368,0,IDPPI
Q5VZP5,O43548,0,IDPPI
Q86SQ0,Q1RMZ1,0,IDPPI
Q96M02,Q5HYK3,0,IDPPI
A6NGG8,Q7KZI7,0,IDPPI
Q9NRJ1,P11021,0,IDPPI
Q96RJ3,P05166,0,IDPPI
Q2KHR2,Q9NR28,0,IDPPI
P52945,Q5H9S7,0,IDPPI
O15165,Q8NH54,0,IDPPI
Q96LY2,Q15649,0,IDPPI
Q99990,Q9Y5Y9,0,IDPPI
Q9UK00,P48145,0,IDPPI
A4D263,P47755,0,IDPPI
A6NHQ4,Q8NGS3,0,IDPPI
Q9NYF3,Q3KQZ1,0,IDPPI
Q96B18,Q8NCS7,0,IDPPI
Q9BXF3,P35749,0,IDPPI
Q9UK76,P10916,0,IDPPI
Q32M92,Q96IW7,0,IDPPI
P55197,P01040,0,IDPPI
Q8IZ63,Q9NWU2,0,IDPPI
Q9H3Q1,O95486,0,IDPPI
O15060,Q6UWU4,0,IDPPI
O75541,Q6B0I6,0,IDPPI
P20382,O75694,0,IDPPI
Q9UBL0,O00214,0,IDPPI
Q14761,P08185,0,IDPPI
Q9BUV8,Q8NFJ6,0,IDPPI
Q6E0U4,Q9HAW0,0,IDPPI
Q52LG2,Q01459,0,IDPPI
Q14781,P62873,0,IDPPI
Q6ZRI6,O60609,0,IDPPI
Q5XKK7,Q8NGX6,0,IDPPI
Q96LY2,O75943,0,IDPPI
Q8N6G2,P32239,0,IDPPI
Q9NXF7,Q96RN1,0,IDPPI
Q8N1N2,Q8TBP0,0,IDPPI
P59052,Q8IY34,0,IDPPI
Q8NAV2,Q9H4K1,0,IDPPI
Q99935,Q9BTE7,0,IDPPI
Q13316,O60568,0,IDPPI
Q765I0,O15068,0,IDPPI
P50402,Q8NH03,0,IDPPI
Q5VYV0,Q8WUA2,0,IDPPI
O43247,Q15475,0,IDPPI
Q01664,Q96GR4,0,IDPPI
Q6NUJ2,A8MXK1,0,IDPPI
P21741,Q96M96,0,IDPPI
O15353,Q9Y5K5,0,IDPPI
Q14151,Q5T9G4,0,IDPPI
Q9UBG3,Q9NRH1,0,IDPPI
Q5JXC2,P32121,0,IDPPI
Q9UPG8,Q96K76,0,IDPPI
P0CG35,Q8NH40,0,IDPPI
Q13522,Q14142,0,IDPPI
Q16378,P14866,0,IDPPI
Q9HC52,Q5J5C9,0,IDPPI
P28358,P26012,0,IDPPI
Q6ZVN7,Q5ST30,0,IDPPI
Q8NCA9,Q8WWQ2,0,IDPPI
Q7L4S7,Q5NUL3,0,IDPPI
Q9NRX6,Q96LT7,0,IDPPI
Q66K89,Q01970,0,IDPPI
A6NGU7,Q6ZN84,0,IDPPI
Q6ZN01,Q9UBV7,0,IDPPI
Q96LC9,Q15058,0,IDPPI
Q9UHF7,Q8WW34,0,IDPPI
P08151,Q13472,0,IDPPI
Q8TAV5,Q9H2B2,0,IDPPI
Q9BQ49,P39019,0,IDPPI
Q8IZS5,Q96SE0,0,IDPPI
A1A4G5,Q9P0S2,0,IDPPI
Q5JT82,Q8TD90,0,IDPPI
O75920,Q9UNP9,0,IDPPI
Q8N7U7,O95347,0,IDPPI
Q5T870,O75147,0,IDPPI
Q30KQ1,P09923,0,IDPPI
Q86TY3,Q9Y276,0,IDPPI
Q86X02,P29320,0,IDPPI
Q9Y2B4,Q6UX73,0,IDPPI
Q96QE4,Q96RP7,0,IDPPI
Q8WW12,Q53GQ0,0,IDPPI
M0QZC1,Q53T94,0,IDPPI
P59052,Q92527,0,IDPPI
Q96EL1,Q9UKI3,0,IDPPI
Q8N5N4,Q9H5Q4,0,IDPPI
Q96MZ4,Q9Y4K0,0,IDPPI
Q8N4C9,O75874,0,IDPPI
Q6UXB0,P06748,0,IDPPI
Q9NZV7,Q16762,0,IDPPI
P56555,O94953,0,IDPPI
P47902,P24752,0,IDPPI
Q9NS26,Q86VD9,0,IDPPI
Q5JVX7,Q9NXU5,0,IDPPI
Q8IXK0,Q9Y274,0,IDPPI
Q5SSG8,Q13724,0,IDPPI
Q8TEF2,Q9BYZ2,0,IDPPI
A6NEM1,Q8NFM4,0,IDPPI
P35318,Q13002,0,IDPPI
P81605,Q8TDZ2,0,IDPPI
Q9UBL0,A1A4V9,0,IDPPI
Q96BV0,Q9H0V1,0,IDPPI
Q16655,Q6UXH1,0,IDPPI
Q8NDY8,P54277,0,IDPPI
Q06889,Q8TCT6,0,IDPPI
O60356,Q16698,0,IDPPI
Q9P242,Q6UXB4,0,IDPPI
Q9BYU5,Q53H76,0,IDPPI
Q05215,Q8NGT9,0,IDPPI
P51861,Q9BRQ4,0,IDPPI
Q9BTA9,P36639,0,IDPPI
Q96ST2,Q5VZY2,0,IDPPI
Q15038,O15524,0,IDPPI
Q0VAQ4,Q96T60,0,IDPPI
Q13536,Q96R27,0,IDPPI
Q3B820,Q6PML9,0,IDPPI
Q8NC54,Q32M45,0,IDPPI
Q9Y284,P48060,0,IDPPI
Q5T6F2,Q8NBV8,0,IDPPI
O15069,O95255,0,IDPPI
Q8ND56,Q9UNX3,0,IDPPI
Q5T1S8,Q9Y4X5,0,IDPPI
Q6ZW33,Q9UQP3,0,IDPPI
Q9UHB7,Q9HC35,0,IDPPI
Q96BM0,P11926,0,IDPPI
Q5VWG9,P52630,0,IDPPI
Q8NA57,Q9BRJ7,0,IDPPI
Q9Y6B2,P16615,0,IDPPI
P20800,Q9Y546,0,IDPPI
Q8N3D4,Q9Y6M4,0,IDPPI
Q5JXC2,Q86YW7,0,IDPPI
Q66PJ3,P30939,0,IDPPI
O15240,Q6P2D0,0,IDPPI
O43555,Q9ULW3,0,IDPPI
Q5JVX7,Q8WU03,0,IDPPI
O75541,Q9NQX3,0,IDPPI
Q15651,Q9Y625,0,IDPPI
O95177,P28039,0,IDPPI
P60508,Q8NHR9,0,IDPPI
Q6X4T0,Q6PID8,0,IDPPI
Q5QJ38,Q9Y2G2,0,IDPPI
Q8IWV1,Q9GZT9,0,IDPPI
O00268,P41238,0,IDPPI
P0C1Z6,Q96RC9,0,IDPPI
Q5T1J6,P28066,0,IDPPI
Q9H2J1,O15528,0,IDPPI
Q05519,Q6P0A1,0,IDPPI
P01275,Q15620,0,IDPPI
P55197,Q9H5U6,0,IDPPI
Q96B54,P37268,0,IDPPI
Q9BUA3,Q8NGT0,0,IDPPI
P78411,Q8WUD6,0,IDPPI
Q9NWH9,P14222,0,IDPPI
Q6ZRS4,Q96F46,0,IDPPI
Q9NRA8,P13796,0,IDPPI
H3BR10,Q8NGS5,0,IDPPI
Q96T59,Q8N4T8,0,IDPPI
Q53SF7,Q9H2S6,0,IDPPI
Q8WVE6,Q15113,0,IDPPI
Q86X02,Q6UXV0,0,IDPPI
Q5TCM9,Q13478,0,IDPPI
O43474,Q9Y314,0,IDPPI
Q9NS26,Q658Y4,0,IDPPI
A6NC05,O95998,0,IDPPI
Q8NAF0,Q0P5P2,0,IDPPI
P59103,Q99489,0,IDPPI
Q6ZQX7,P31941,0,IDPPI
Q6ZUS6,P24666,0,IDPPI
Q96JE9,Q15366,0,IDPPI
Q96T92,Q9HCK5,0,IDPPI
Q9UJQ4,Q7L3T8,0,IDPPI
Q8TAD7,Q96SB8,0,IDPPI
Q9C0C6,Q9Y5W8,0,IDPPI
O95196,P48059,0,IDPPI
Q8WWF3,Q9BW62,0,IDPPI
P57055,P41223,0,IDPPI
Q0IIN9,Q86VB7,0,IDPPI
Q96HG1,Q6NXT1,0,IDPPI
Q13200,P19793,0,IDPPI
Q96B23,Q6ZRY4,0,IDPPI
Q86X02,Q86TX2,0,IDPPI
Q9H2J1,P01591,0,IDPPI
Q5T6C5,O75534,0,IDPPI
Q8TC76,Q8NG76,0,IDPPI
Q03828,Q7Z7E8,0,IDPPI
Q13201,Q8NCR9,0,IDPPI
P61129,P85298,0,IDPPI
Q5SRN2,Q9ULP0,0,IDPPI
P0C6A0,Q9H0N5,0,IDPPI
Q5H9K5,P36957,0,IDPPI
Q7Z6E9,Q92506,0,IDPPI
O43261,P28039,0,IDPPI
Q5T3I0,O43280,0,IDPPI
Q8N6F7,Q96QG7,0,IDPPI
Q5RHP9,Q8N5H7,0,IDPPI
P07498,Q9BVI4,0,IDPPI
Q9NY43,Q9NXN4,0,IDPPI
O94993,P04259,0,IDPPI
Q3LHN1,Q969W1,0,IDPPI
Q8IVW1,Q9Y295,0,IDPPI
Q9HC44,P23025,0,IDPPI
Q9BU76,Q5VYX0,0,IDPPI
Q9ULX6,Q14249,0,IDPPI
Q9H2X8,P59045,0,IDPPI
H3BR10,Q96F25,0,IDPPI
Q07687,O75290,0,IDPPI
Q14247,Q6ZS11,0,IDPPI
Q16655,Q7Z418,0,IDPPI
Q9Y5V0,Q9UHQ9,0,IDPPI
Q5BKZ1,P34949,0,IDPPI
Q9GZZ8,P53004,0,IDPPI
P0CG40,Q9Y6X9,0,IDPPI
Q03828,Q60I27,0,IDPPI
Q16649,P58182,0,IDPPI
Q7Z6I8,Q9P244,0,IDPPI
Q9C0H9,Q96CC6,0,IDPPI
B4DS77,Q6P6C2,0,IDPPI
Q96BZ8,O60502,0,IDPPI
Q3LHN0,Q86WT1,0,IDPPI
Q92628,Q96BI3,0,IDPPI
P28356,P49682,0,IDPPI
Q9P298,Q15628,0,IDPPI
O43555,P38117,0,IDPPI
Q9BXY8,P42081,0,IDPPI
Q96G27,Q9Y4W6,0,IDPPI
Q9NS68,Q9H867,0,IDPPI
P04921,P48147,0,IDPPI
Q9H606,O15550,0,IDPPI
Q96MR7,Q8WWR8,0,IDPPI
P55851,Q9H944,0,IDPPI
P09912,Q8IZN7,0,IDPPI
Q9BU76,P05121,0,IDPPI
Q4VCS5,Q5SR56,0,IDPPI
Q8N7J2,Q6UXI7,0,IDPPI
Q9BRK4,Q3KNW5,0,IDPPI
O75638,P0CJ74,0,IDPPI
Q3LI64,P48167,0,IDPPI
O43474,Q9H4A4,0,IDPPI
Q9BQ89,Q9BYX2,0,IDPPI
Q86WP2,P51571,0,IDPPI
Q5T870,Q9GZN0,0,IDPPI
P47914,Q8NHC8,0,IDPPI
Q15025,P35268,0,IDPPI
Q9H5J8,P35749,0,IDPPI
Q7Z3D4,Q9NZQ8,0,IDPPI
P22528,P02775,0,IDPPI
Q9NVV2,Q16842,0,IDPPI
Q8N6G2,Q9NUJ1,0,IDPPI
Q9UPV9,Q9Y4L1,0,IDPPI
Q5K131,Q8N690,0,IDPPI
Q9NYD6,Q9NS93,0,IDPPI
A0AUZ9,O00764,0,IDPPI
Q14093,P61086,0,IDPPI
Q96SL8,Q99571,0,IDPPI
Q9UBU3,Q5FVE4,0,IDPPI
O00512,Q8N8Q3,0,IDPPI
Q86VE0,Q9NQ40,0,IDPPI
Q96NU1,P17024,0,IDPPI
P0C7T5,Q5K4L6,0,IDPPI
O43365,P61266,0,IDPPI
Q01101,Q15543,0,IDPPI
Q8TAY7,Q14C86,0,IDPPI
Q5TFG8,Q9H069,0,IDPPI
Q6P1W5,P28335,0,IDPPI
Q6PGQ7,Q9H6J7,0,IDPPI
Q9GZM8,P30038,0,IDPPI
P20963,O95214,0,IDPPI
Q8NFU4,Q15916,0,IDPPI
Q6UUV7,O95988,0,IDPPI
Q7RTV3,Q9NS84,0,IDPPI
Q9Y3Q8,Q9BZZ2,0,IDPPI
E9PQR5,O00175,0,IDPPI
Q9Y2W2,Q96JQ5,0,IDPPI
A8K830,Q92636,0,IDPPI
Q96HB5,Q9NQP4,0,IDPPI
Q9H6I2,Q9Y283,0,IDPPI
P40305,P39210,0,IDPPI
Q9P2Y4,Q96FG2,0,IDPPI
Q8IYU4,Q6P2H8,0,IDPPI
Q9ULZ1,Q9NY25,0,IDPPI
O95868,Q969S0,0,IDPPI
Q8NFU4,Q16623,0,IDPPI
P58505,Q13515,0,IDPPI
Q8N350,Q6GPI1,0,IDPPI
Q9Y2H5,Q9H207,0,IDPPI
Q9UKT9,Q96QS1,0,IDPPI
Q14802,Q96GX1,0,IDPPI
Q5JUW0,Q8NH94,0,IDPPI
O75167,Q00796,0,IDPPI
P02656,O60637,0,IDPPI
Q9UBP8,Q92520,0,IDPPI
Q68D10,Q8IYK2,0,IDPPI
Q00LT1,Q8WXK4,0,IDPPI
P23327,Q12901,0,IDPPI
Q6P9G4,Q9NPC3,0,IDPPI
Q6PDA7,Q9NQ48,0,IDPPI
Q9Y6X8,P51911,0,IDPPI
Q9P267,Q9UBV8,0,IDPPI
Q6L8G9,Q8WUM9,0,IDPPI
Q8TAM6,Q4G1C9,0,IDPPI
Q30KQ4,P62736,0,IDPPI
P78332,Q9Y5Z6,0,IDPPI
A8MT70,P25787,0,IDPPI
P78413,Q96MD7,0,IDPPI
Q6E0U4,P47712,0,IDPPI
Q96F45,Q8N568,0,IDPPI
O95772,P20061,0,IDPPI
Q8NA03,O95859,0,IDPPI
Q6PH81,Q9NYK5,0,IDPPI
Q5JTZ5,Q15622,0,IDPPI
Q5JRM2,Q8WZ04,0,IDPPI
P38398,Q7Z4H8,0,IDPPI
Q6UWT4,Q9NZI8,0,IDPPI
Q5U5X8,H3BQJ8,0,IDPPI
P52954,O95389,0,IDPPI
O43164,Q8N475,0,IDPPI
Q6ZSJ9,Q5XKL5,0,IDPPI
Q9BYE4,Q9UHB9,0,IDPPI
Q9NS64,Q9HCJ5,0,IDPPI
Q8TBK6,Q86WC4,0,IDPPI
Q01850,P0C6T2,0,IDPPI
Q9UNZ5,P24863,0,IDPPI
Q6RUI8,Q8NGV0,0,IDPPI
Q5QGS0,Q9NWS6,0,IDPPI
A0MZ66,Q6UWH4,0,IDPPI
A6NGK3,Q96B67,0,IDPPI
Q9BWW7,Q96I15,0,IDPPI
Q96SL8,Q8NFD2,0,IDPPI
Q9C056,P01236,0,IDPPI
Q8IZ96,Q8TBZ3,0,IDPPI
Q9NRR8,P34995,0,IDPPI
Q9NPG3,Q7KZN9,0,IDPPI
Q9Y262,Q8N8Q8,0,IDPPI
Q8IYN2,P48544,0,IDPPI
Q8N4L4,Q5XKE5,0,IDPPI
Q6ZSY5,Q9UKP5,0,IDPPI
A7MD48,Q9NVG8,0,IDPPI
A4QN01,P46199,0,IDPPI
Q12888,Q9H9P2,0,IDPPI
Q8WUU4,Q8NGU9,0,IDPPI
Q8IZD2,Q07820,0,IDPPI
Q3SX64,Q9UIJ7,0,IDPPI
Q7Z353,Q9Y483,0,IDPPI
Q96M34,Q9BQ83,0,IDPPI
Q9HAZ2,Q96EY1,0,IDPPI
Q9NQR7,P01236,0,IDPPI
Q5TEZ4,Q9BVS4,0,IDPPI
Q96HG1,P51679,0,IDPPI
Q9NXF7,Q9Y679,0,IDPPI
Q86YD7,P54829,0,IDPPI
Q8IZ96,Q13740,0,IDPPI
Q96B18,Q9GZT9,0,IDPPI
E9PJI5,Q86WV1,0,IDPPI
Q96LK8,Q8TAA9,0,IDPPI
Q5H9T9,Q15399,0,IDPPI
Q8IWV1,Q6NTF9,0,IDPPI
P08949,P17405,0,IDPPI
Q8IZY5,P51452,0,IDPPI
Q9GZY8,Q03431,0,IDPPI
P11831,Q86VN1,0,IDPPI
Q9BVV8,Q8NH21,0,IDPPI
O15014,Q9Y6X9,0,IDPPI
A8MQB3,Q12907,0,IDPPI
Q8IZQ8,Q9H5Q4,0,IDPPI
Q9BSJ6,Q68CR1,0,IDPPI
Q96LY2,O00267,0,IDPPI
Q5SR53,Q9Y2L1,0,IDPPI
Q68DK7,O00160,0,IDPPI
Q6IPX3,O15066,0,IDPPI
Q5SV17,Q15649,0,IDPPI
Q99958,Q99685,0,IDPPI
Q2TAM9,Q96RP9,0,IDPPI
P62945,Q16342,0,IDPPI
Q96JP5,Q96PL2,0,IDPPI
Q86SI9,A2RRH5,0,IDPPI
Q8NC26,Q8NH09,0,IDPPI
P58512,Q9BXS5,0,IDPPI
O00512,Q9BWM5,0,IDPPI
Q9UK28,O00142,0,IDPPI
O15014,Q86SJ2,0,IDPPI
Q9BR10,Q8N148,0,IDPPI
A6NDN3,Q9GZQ8,0,IDPPI
Q8IZ21,O75838,0,IDPPI
Q9UKB5,P20839,0,IDPPI
Q8IXQ3,O14593,0,IDPPI
Q53QW1,Q9BYG7,0,IDPPI
Q96K30,Q9Y2Y6,0,IDPPI
P08151,Q8NE86,0,IDPPI
P15941,Q9Y4U1,0,IDPPI
Q6UWS5,Q9NXR7,0,IDPPI
P0C5K7,P35573,0,IDPPI
Q9UND3,P51911,0,IDPPI
Q14549,Q9UBV7,0,IDPPI
Q8N6Y0,Q9UBV7,0,IDPPI
Q05516,Q9BRG2,0,IDPPI
Q8IVM0,Q11206,0,IDPPI
Q8NA03,Q07325,0,IDPPI
Q7Z4U5,Q9Y3L5,0,IDPPI
O95561,Q8N907,0,IDPPI
Q96DZ9,P60891,0,IDPPI
Q8TAM6,Q9P2E5,0,IDPPI
P60410,Q9Y2Y0,0,IDPPI
Q9H9K5,Q9BZM5,0,IDPPI
Q6PRD7,P13686,0,IDPPI
Q5TH74,P09601,0,IDPPI
Q6PJW8,Q13485,0,IDPPI
Q8TCY5,Q9BZX4,0,IDPPI
Q8NHG7,Q96PL5,0,IDPPI
Q9ULX6,Q86U90,0,IDPPI
P35326,A6NFC5,0,IDPPI
O95076,P09622,0,IDPPI
Q86TY3,Q86WG5,0,IDPPI
Q9BVC5,Q15813,0,IDPPI
P0CG35,Q92935,0,IDPPI
Q9Y4H4,Q9UQ07,0,IDPPI
Q99626,Q8NH19,0,IDPPI
Q86UU5,Q7Z5Y6,0,IDPPI
Q9NQ92,Q8IYT4,0,IDPPI
Q06710,O14508,0,IDPPI
C9J3V5,Q8ND07,0,IDPPI
Q96PN7,Q5VTM2,0,IDPPI
Q9Y2K5,Q6ZUT9,0,IDPPI
Q7Z2R9,A6NIJ9,0,IDPPI
Q14D33,P22694,0,IDPPI
Q9UPX8,Q8NGS9,0,IDPPI
Q9H0F5,Q8NG99,0,IDPPI
Q52M58,P06400,0,IDPPI
P48645,Q96ND0,0,IDPPI
O75128,Q9NXS3,0,IDPPI
O75363,Q8TEM1,0,IDPPI
Q3SY00,Q8N119,0,IDPPI
P53539,P40238,0,IDPPI
O95196,Q5JUQ0,0,IDPPI
Q5U4N7,A6NFE3,0,IDPPI
P56975,Q5HYI7,0,IDPPI
P15516,P02760,0,IDPPI
Q7Z589,P35749,0,IDPPI
Q5JRK9,Q9NPR2,0,IDPPI
A0PJW8,Q16394,0,IDPPI
Q96HZ7,O75110,0,IDPPI
P60508,Q6UWB1,0,IDPPI
Q6PII3,Q06033,0,IDPPI
Q8NAA6,Q15629,0,IDPPI
Q8WVI0,P20749,0,IDPPI
Q9BSD3,P58166,0,IDPPI
Q9BWW7,Q9P299,0,IDPPI
Q9BVV8,P68036,0,IDPPI
A6NKF7,P14061,0,IDPPI
Q15424,Q5I0G3,0,IDPPI
Q5T953,Q6NXT6,0,IDPPI
Q96DT7,Q6ZN16,0,IDPPI
Q96PG1,Q96LT4,0,IDPPI
Q08648,P78344,0,IDPPI
Q5T5F5,Q14439,0,IDPPI
Q9UHB6,Q99460,0,IDPPI
Q8IWV1,Q86VI1,0,IDPPI
Q9ULN7,P62699,0,IDPPI
Q9BVW6,P31645,0,IDPPI
P56555,Q9UNN8,0,IDPPI
Q5H9T9,P21583,0,IDPPI
Q8TAI1,Q8IWV2,0,IDPPI
Q9UIH9,Q8WWM9,0,IDPPI
P57077,P60866,0,IDPPI
Q8NAF0,Q71RH2,0,IDPPI
Q9BVW6,Q9H772,0,IDPPI
Q9NU63,Q15326,0,IDPPI
P56975,Q8NBL1,0,IDPPI
O14529,P13224,0,IDPPI
Q86VZ6,Q8NH04,0,IDPPI
Q15038,P27352,0,IDPPI
Q5VTB9,Q96GC9,0,IDPPI
Q9GZU8,O14520,0,IDPPI
Q8IXQ4,Q52LC2,0,IDPPI
Q86TY3,P09871,0,IDPPI
Q96HG1,Q9NY26,0,IDPPI
Q9H3H9,P60568,0,IDPPI
Q9Y252,Q6UWY5,0,IDPPI
Q86SY8,Q3KNV8,0,IDPPI
O75056,P05141,0,IDPPI
O75363,Q6ZNB6,0,IDPPI
Q96PP4,Q14195,0,IDPPI
Q9H8G2,Q5TBK1,0,IDPPI
P0C853,Q9Y2H1,0,IDPPI
O14603,Q96IK5,0,IDPPI
Q6PJ61,P28070,0,IDPPI
P23588,Q14330,0,IDPPI
Q5QFB9,P28223,0,IDPPI
Q03188,Q5JS54,0,IDPPI
Q9GZY1,P57764,0,IDPPI
Q0P6D6,P02689,0,IDPPI
Q96E16,Q96R08,0,IDPPI
Q9P2F5,O43660,0,IDPPI
Q96KP6,A6NK58,0,IDPPI
O75177,O60346,0,IDPPI
P07476,Q8N5Z0,0,IDPPI
Q8WVI0,Q9NRD5,0,IDPPI
O43248,P49736,0,IDPPI
P79522,P23396,0,IDPPI
E7EW31,Q12879,0,IDPPI
Q9BW72,Q9BSJ8,0,IDPPI
Q6ZUT6,P23470,0,IDPPI
P23508,P35244,0,IDPPI
Q3KP66,Q96DE9,0,IDPPI
Q9NZV7,Q6ZTW0,0,IDPPI
Q3LI62,Q96CU9,0,IDPPI
Q9C0B9,P39656,0,IDPPI
P35318,Q9BRG1,0,IDPPI
P0CG40,Q9H344,0,IDPPI
Q6PGN9,Q96AQ7,0,IDPPI
A6NGG3,P53611,0,IDPPI
Q9H2H0,P62244,0,IDPPI
Q15773,Q8NC96,0,IDPPI
P78312,Q5VY80,0,IDPPI
Q8WZ69,Q14653,0,IDPPI
Q96BN6,Q6NVU6,0,IDPPI
P23588,Q8NGP0,0,IDPPI
A6NH13,Q8NGY6,0,IDPPI
Q8N7X1,P11215,0,IDPPI
Q99967,Q9BUB5,0,IDPPI
P13521,Q8N5Z0,0,IDPPI
Q8WV48,O14980,0,IDPPI
Q17RA5,P07333,0,IDPPI
Q9UMD9,A6NI56,0,IDPPI
Q15742,Q99538,0,IDPPI
Q8WWM1,Q99877,0,IDPPI
Q8NDX6,Q15633,0,IDPPI
O43516,O95347,0,IDPPI
Q8N680,P13725,0,IDPPI
Q8N8E2,Q16658,0,IDPPI
Q9H320,Q5JS13,0,IDPPI
Q7Z4H4,P19113,0,IDPPI
P22532,Q9Y2Q0,0,IDPPI
P51460,Q9UKR8,0,IDPPI
Q8IZ63,O15105,0,IDPPI
P50549,Q6UWN8,0,IDPPI
Q53ET0,Q8WV93,0,IDPPI
P59861,O15455,0,IDPPI
Q96IZ7,Q8TC36,0,IDPPI
P43699,O95995,0,IDPPI
Q3LHN0,Q9H237,0,IDPPI
Q14093,P19823,0,IDPPI
Q9H0F5,Q9UKK3,0,IDPPI
B4DS77,P48509,0,IDPPI
P22528,A6NNW6,0,IDPPI
Q68CR7,O14787,0,IDPPI
Q6ZNC4,Q9BVK8,0,IDPPI
Q9C0B9,Q6UW02,0,IDPPI
O60732,O15211,0,IDPPI
Q6IQ23,P46019,0,IDPPI
Q9BVW6,B2RV13,0,IDPPI
O15014,P24723,0,IDPPI
O15117,P62899,0,IDPPI
Q9Y5U9,Q9UKA2,0,IDPPI
Q9UMZ2,Q96EU7,0,IDPPI
O15049,Q9BTX3,0,IDPPI
P51825,Q01658,0,IDPPI
A8MQB3,P51841,0,IDPPI
P19544,Q92630,0,IDPPI
Q6P4E1,Q70IA6,0,IDPPI
Q6UWW9,O94760,0,IDPPI
Q8N729,P15291,0,IDPPI
Q9Y6F6,F2Z333,0,IDPPI
P0C7P2,Q9BZJ4,0,IDPPI
B2CW77,O95400,0,IDPPI
Q96GV9,P51160,0,IDPPI
Q6NT46,Q53FV1,0,IDPPI
Q8N0Y2,Q8N9R8,0,IDPPI
A6NJ69,Q00403,0,IDPPI
I3L0S3,Q9BSK4,0,IDPPI
P31271,Q99467,0,IDPPI
Q9BVV8,P38435,0,IDPPI
Q03112,Q9NNW5,0,IDPPI
Q6ZV80,Q7L0Y3,0,IDPPI
Q5NUL3,O00182,0,PPI
Q9NSI8,Q9BYC9,0,PPI
Q8N8L2,P60604,0,PPI
P01833,Q9NQ35,0,PPI
D6RBQ6,Q96EL2,0,PPI
O95568,Q03403,0,PPI
O15085,O75427,0,PPI
Q8WZA2,Q9BXI9,0,PPI
P26012,Q9Y2T2,0,PPI
Q9NZ09,Q9H339,0,PPI
Q7Z3Z4,A0PK00,0,PPI
Q9NXF1,Q9BY42,0,PPI
Q8WYR1,Q6QHF9,0,PPI
O00291,P0CJ87,0,PPI
Q92664,Q6IMI6,0,PPI
Q8WWN8,Q8N6T3,0,PPI
Q8IWU6,Q04695,0,PPI
O95803,O15403,0,PPI
P24928,Q7Z449,0,PPI
P30926,Q9Y3Y4,0,PPI
Q8WWV6,Q9UKT8,0,PPI
O60669,Q8TF09,0,PPI
Q9UL01,Q9H4I2,0,PPI
Q9NZ09,A2RU48,0,PPI
Q9HD40,P15813,0,PPI
Q8N884,Q96DZ1,0,PPI
Q9UIU6,P49842,0,PPI
Q7Z3B1,P56377,0,PPI
P11413,P19235,0,PPI
Q8NCJ5,Q52WX2,0,PPI
O43283,Q5VT98,0,PPI
Q49AM3,Q8NGT9,0,PPI
Q52LW3,Q8ND82,0,PPI
Q8WTR4,Q8N8A8,0,PPI
O14921,Q9Y5J5,0,PPI
Q6UWU4,Q8NG41,0,PPI
Q9Y6X8,Q86YV9,0,PPI
P37173,Q8NGG4,0,PPI
Q9Y4L1,Q8NCR9,0,PPI
Q92485,Q96H78,0,PPI
P26358,P06126,0,PPI
Q86Y38,Q8IU54,0,PPI
Q99435,Q9Y6J8,0,PPI
Q9BWV1,Q6VUC0,0,PPI
P39748,Q9BQB4,0,PPI
Q8WV37,Q8NEG5,0,PPI
Q9BYC2,P30411,0,PPI
Q9GZV3,Q6IMI4,0,PPI
P36268,O00626,0,PPI
Q6P988,P24046,0,PPI
Q9NX05,Q8NGN3,0,PPI
P55036,Q99608,0,PPI
Q9NQ90,Q9UF12,0,PPI
P30531,Q9Y5X1,0,PPI
Q9Y2G0,Q6NUT3,0,PPI
Q9C000,Q9NQ88,0,PPI
Q86VR7,Q9HA92,0,PPI
Q9UGC7,P57775,0,PPI
Q5TAX3,Q6ZSJ9,0,PPI
Q969K3,P52198,0,PPI
P56181,Q8NG35,0,PPI
Q9P2G3,A8MTL0,0,PPI
Q9BZZ2,Q10469,0,PPI
P78552,P05014,0,PPI
Q6UW63,Q8N8Y2,0,PPI
Q9BS31,Q96M89,0,PPI
P23276,A8MPX8,0,PPI
P37023,P55075,0,PPI
O60248,Q9H114,0,PPI
Q12879,Q6BAA4,0,PPI
Q9BY79,Q13889,0,PPI
Q9NTJ4,A6NK44,0,PPI
P0DJD9,P29017,0,PPI
Q4G1C9,P13232,0,PPI
A6NDG6,Q96HU8,0,PPI
O95206,O60806,0,PPI
P20794,P55001,0,PPI
Q8NH42,Q9Y657,0,PPI
Q9H2U1,O94844,0,PPI
P15586,Q7L1T6,0,PPI
O00213,Q9Y4X0,0,PPI
P47211,Q8N6M8,0,PPI
P57078,O15296,0,PPI
P62753,Q53R12,0,PPI
Q7RTX9,O75600,0,PPI
P0C881,Q8N165,0,PPI
Q8N1H7,Q9NP59,0,PPI
P48553,O43257,0,PPI
Q5VVJ2,Q9Y5L5,0,PPI
O96008,O43677,0,PPI
Q9ULH0,P28161,0,PPI
Q6IQ22,Q8TCY5,0,PPI
Q4G163,Q96AQ2,0,PPI
H3BUK9,Q9Y259,0,PPI
Q9UM01,Q0P651,0,PPI
Q5FYA8,Q8N427,0,PPI
Q8TC41,Q8NHR9,0,PPI
H3BV12,O43396,0,PPI
O75061,P24592,0,PPI
Q8NH72,P55145,0,PPI
Q9GZK4,Q9Y256,0,PPI
P22676,Q9BUP0,0,PPI
O14795,Q5TEA6,0,PPI
Q92769,P0C7Q5,0,PPI
Q9C000,Q2Q1W2,0,PPI
Q8N335,Q00604,0,PPI
Q13263,P04062,0,PPI
Q9HAU8,Q9HBL7,0,PPI
A2RTX5,O76036,0,PPI
P84550,P60606,0,PPI
Q8NFR9,Q6PIY7,0,PPI
Q15042,Q6ZNW5,0,PPI
Q9Y4G2,Q8NGZ3,0,PPI
Q8TE85,Q8NGQ2,0,PPI
Q5H9M0,Q8IY50,0,PPI
P52333,Q9Y320,0,PPI
A6NCV1,Q8NB37,0,PPI
P14618,P23610,0,PPI
Q8NHS2,P10145,0,PPI
P18084,O94929,0,PPI
A8MTB9,Q5FWF7,0,PPI
Q14746,P59535,0,PPI
Q9HBI1,A6ND48,0,PPI
Q8WWZ3,P26373,0,PPI
P19878,P24752,0,PPI
P31645,Q9Y3V2,0,PPI
Q13613,Q5TC63,0,PPI
Q5XG92,Q6UXZ3,0,PPI
Q15464,P20853,0,PPI
O75387,Q8IYA7,0,PPI
Q9NUD9,Q12946,0,PPI
Q86X02,Q9GZZ9,0,PPI
A1X283,Q99733,0,PPI
Q5T7M9,Q9BYZ8,0,PPI
Q96P20,Q96CF2,0,PPI
Q8IWZ6,Q96D70,0,PPI
P21283,Q9H8H3,0,PPI
Q9UN74,Q07973,0,PPI
Q96CW5,P09529,0,PPI
P46060,P48637,0,PPI
O43772,Q6UWH6,0,PPI
O95294,Q86VG3,0,PPI
Q9UKE5,Q5JUR7,0,PPI
Q6UVM3,Q9H1E1,0,PPI
P51787,Q9NR77,0,PPI
O15457,Q8NGY3,0,PPI
Q8WUG5,Q11206,0,PPI
Q8TB24,Q6P4D5,0,PPI
P09131,Q9H446,0,PPI
P49842,Q9HAB8,0,PPI
Q8TEQ8,Q9Y2V0,0,PPI
Q9Y692,P82914,0,PPI
Q8N9U0,Q8NFZ5,0,PPI
P30101,P53778,0,PPI
Q96N19,O95070,0,PPI
Q9BQG0,Q8N9H8,0,PPI
Q7L2E3,Q9UHP3,0,PPI
Q8N5J2,Q9NPH3,0,PPI
O95674,Q8NCR3,0,PPI
Q9C091,Q8NAU1,0,PPI
Q9BXX0,Q9Y6A9,0,PPI
Q8NCN5,Q86YC3,0,PPI
Q6H8Q1,Q8IWW8,0,PPI
O94910,Q86YD3,0,PPI
Q9H4L4,Q9Y5L4,0,PPI
Q587J8,Q16540,0,PPI
O15258,Q5VVC0,0,PPI
Q13642,Q7Z4W1,0,PPI
Q9UGP4,P16581,0,PPI
Q96H55,Q9P021,0,PPI
Q9Y4R8,P48065,0,PPI
O96008,P28360,0,PPI
Q07157,P78344,0,PPI
Q9ULM2,Q9H6D3,0,PPI
P36776,P11117,0,PPI
Q9NQ36,Q9GZK6,0,PPI
Q96KV7,P0DI80,0,PPI
Q969W1,Q9C056,0,PPI
P22314,Q15382,0,PPI
P51164,P63098,0,PPI
Q9UIF7,Q6B0B8,0,PPI
Q4V339,Q15080,0,PPI
Q9NXL9,P83110,0,PPI
Q16740,Q9P0R6,0,PPI
Q5JR98,P60983,0,PPI
Q92830,P51572,0,PPI
P09884,Q9NPA0,0,PPI
Q8NGJ1,P17535,0,PPI
Q6NXT6,Q8N743,0,PPI
Q9BYS8,Q8N0S6,0,PPI
Q9UL51,Q9UBX1,0,PPI
Q9P2N6,Q9H892,0,PPI
Q9NQR7,Q9H7X7,0,PPI
Q8N1W2,Q3LIE5,0,PPI
Q15025,Q9NWT1,0,PPI
Q9UP52,Q8N4P2,0,PPI
P37837,Q9BXJ1,0,PPI
P78539,P30047,0,PPI
Q8N428,Q7RTU1,0,PPI
O60381,Q92535,0,PPI
Q17RY0,A2RUU4,0,PPI
O00255,Q8IUX1,0,PPI
Q68DY9,O94864,0,PPI
Q8WUI4,P07864,0,PPI
P18428,Q93088,0,PPI
O95970,P0DI80,0,PPI
O95428,Q9Y586,0,PPI
Q5H9R7,P12838,0,PPI
Q86XI8,P0C5Z0,0,PPI
P56199,Q8N146,0,PPI
Q9BPX3,O95754,0,PPI
Q03431,Q9Y694,0,PPI
Q92782,O43657,0,PPI
Q9UPT5,Q9HB03,0,PPI
Q9Y2W7,A6NH57,0,PPI
Q7Z569,Q8NH79,0,PPI
Q9Y2M0,Q96GM8,0,PPI
Q9NNW5,Q4LEZ3,0,PPI
Q96SN7,H3BQJ8,0,PPI
Q5TCZ1,Q969G6,0,PPI
P35414,O43513,0,PPI
Q5VWM6,Q13162,0,PPI
Q9UNE2,Q9NQT6,0,PPI
O14503,Q96HE9,0,PPI
P43362,Q9BUP0,0,PPI
Q7Z3E5,O95988,0,PPI
Q9Y2T6,P62805,0,PPI
Q9UBW5,O14649,0,PPI
P28827,P32926,0,PPI
Q00169,O95298,0,PPI
Q8IVU1,Q9BRS2,0,PPI
A6NEN9,P06702,0,PPI
P16885,Q8NH69,0,PPI
O76093,Q96HZ4,0,PPI
Q12899,Q92988,0,PPI
P31512,O00338,0,PPI
Q8WYQ5,Q93015,0,PPI
Q01344,Q9NYV7,0,PPI
Q4VNC0,Q6AZW8,0,PPI
Q15818,Q9UBM7,0,PPI
Q5SVZ6,Q8TBZ8,0,PPI
Q2VY69,Q8N7R7,0,PPI
Q6UXY8,P14550,0,PPI
Q8TBP0,Q8WZ84,0,PPI
Q9Y286,Q9BV90,0,PPI
Q8IW70,Q8NH53,0,PPI
Q99518,Q147U7,0,PPI
Q08881,O14627,0,PPI
Q5VTM2,P49356,0,PPI
O75400,Q9Y6I8,0,PPI
P83369,Q8NGF1,0,PPI
P11168,Q9BYL1,0,PPI
Q8NB14,Q08623,0,PPI
Q9H501,P46091,0,PPI
Q86XK3,Q9NP99,0,PPI
Q4VNC0,A6NFC5,0,PPI
Q6PCB5,Q8N7P1,0,PPI
Q86UD7,Q7Z4S9,0,PPI
Q9Y2A9,Q07687,0,PPI
Q14703,P54855,0,PPI
O43252,Q9C009,0,PPI
Q8WZA2,P14618,0,PPI
Q8NFZ4,Q7Z5Y7,0,PPI
Q12967,Q92503,0,PPI
P02538,Q96PL2,0,PPI
P55010,Q9C009,0,PPI
Q24JQ0,Q9UKR8,0,PPI
A6NNA5,O14625,0,PPI
Q495N2,Q8N1D5,0,PPI
P52789,P10301,0,PPI
Q96L42,Q86W26,0,PPI
P58317,Q8WU76,0,PPI
Q6WBX8,Q86XF7,0,PPI
Q8IWT6,Q3MIT2,0,PPI
Q8IWE5,Q9H9Y2,0,PPI
Q01780,O95047,0,PPI
Q8N3I7,O75828,0,PPI
Q14094,Q67FW5,0,PPI
Q9Y5E9,Q8NH90,0,PPI
Q9P2J5,Q8N165,0,PPI
O95297,P18405,0,PPI
Q5TIA1,Q9BXJ4,0,PPI
Q9BVA6,Q9BV29,0,PPI
Q7Z2Y5,P19652,0,PPI
Q92952,A6NDS4,0,PPI
A6NKD2,O95168,0,PPI
Q96ST3,O95633,0,PPI
Q8N8R5,O75828,0,PPI
Q14669,Q9NRS6,0,PPI
Q5TF21,Q96DA6,0,PPI
P07332,Q6UWT2,0,PPI
Q86W92,O60870,0,PPI
Q96SD1,Q9Y5T4,0,PPI
Q14154,Q86UD0,0,PPI
Q96DN2,P31269,0,PPI
Q9Y6Y1,Q5VWC8,0,PPI
Q92598,Q86SH2,0,PPI
Q15386,P62333,0,PPI
P30305,Q400G9,0,PPI
Q14240,Q9Y383,0,PPI
Q9NQW6,P07550,0,PPI
Q9Y4C5,Q02045,0,PPI
P20062,Q969G5,0,PPI
Q6ZXV5,Q8NCG5,0,PPI
P41091,Q4LEZ3,0,PPI
Q96DR7,O43246,0,PPI
Q96L96,O00476,0,PPI
H0YM25,Q9NZJ0,0,PPI
P78348,Q9Y274,0,PPI
Q6NSI4,Q99819,0,PPI
O15085,Q03403,0,PPI
Q9NZM3,Q9BUE6,0,PPI
Q9P2G1,A6NET4,0,PPI
Q9Y5X1,Q5VYX0,0,PPI
A4D1P6,P49406,0,PPI
Q13616,O15287,0,PPI
Q8IVW6,P06733,0,PPI
Q9Y5B6,Q14684,0,PPI
O00624,Q8NH04,0,PPI
Q3I5F7,Q6PCB0,0,PPI
Q2M329,Q8WTS6,0,PPI
O60566,P78549,0,PPI
Q9BR77,O14681,0,PPI
Q6ZMI0,P54284,0,PPI
Q8IZP1,Q8NA92,0,PPI
Q01432,A2RU48,0,PPI
Q8NGF7,P28356,0,PPI
Q9NZJ0,Q96LB0,0,PPI
Q6PIJ6,Q9UIL4,0,PPI
Q3MIR4,Q9NQC8,0,PPI
Q68DD2,Q96FT9,0,PPI
Q9C0A0,P51788,0,PPI
Q14028,Q9Y4U1,0,PPI
Q13885,P30556,0,PPI
O94919,Q9NZP5,0,PPI
P22888,P35610,0,PPI
P31939,P51888,0,PPI
O00268,Q9NR82,0,PPI
O43174,P50151,0,PPI
Q9ULD0,Q9BYE0,0,PPI
P34969,Q14714,0,PPI
Q9H1P3,P49683,0,PPI
Q9Y2T4,Q9NUD5,0,PPI
Q9UQQ2,Q9Y5P0,0,PPI
Q8WVI7,Q86WS3,0,PPI
Q9P2I0,Q9NRH3,0,PPI
A6NGE4,Q8TEA8,0,PPI
Q15858,Q8TE57,0,PPI
O94905,Q6UWN8,0,PPI
Q86VZ4,A6NIK2,0,PPI
Q6P9F7,Q12912,0,PPI
Q8IZF3,Q8NGK3,0,PPI
Q9NWS8,Q9Y5S9,0,PPI
P49619,Q96KD3,0,PPI
P20591,Q96AT1,0,PPI
Q6NUJ1,Q2T9L4,0,PPI
O75390,Q9H410,0,PPI
Q9GZT4,P21583,0,PPI
P14735,Q86WB0,0,PPI
P53621,Q5JSH3,0,PPI
Q9BQI5,Q14994,0,PPI
P29144,P20340,0,PPI
Q9BYP7,P32119,0,PPI
Q8TEW0,O75084,0,PPI
Q96EK2,Q9NRN7,0,PPI
O00411,Q6Q6R5,0,PPI
Q8WYR1,Q2M3V2,0,PPI
O14772,P21452,0,PPI
Q15283,Q8TDQ0,0,PPI
P28039,Q8NGD3,0,PPI
Q2M296,Q14094,0,PPI
Q92187,A6NKK0,0,PPI
Q16322,P07550,0,PPI
O14980,Q96EY8,0,PPI
Q03431,Q6XE24,0,PPI
O94885,Q8N8Q3,0,PPI
Q13449,O43186,0,PPI
P17540,O75575,0,PPI
Q92783,P08263,0,PPI
O94941,Q9HCT0,0,PPI
Q9P244,P01242,0,PPI
Q5MIZ7,Q9UM21,0,PPI
Q96NB3,Q8TCA0,0,PPI
Q15334,Q16552,0,PPI
Q8NGS2,Q96DA0,0,PPI
Q14CX5,P08709,0,PPI
Q7L9B9,Q9Y337,0,PPI
Q9ULI1,Q5JYT7,0,PPI
P43360,Q96T75,0,PPI
P02671,Q9BZM1,0,PPI
Q96JH7,Q6UXU6,0,PPI
Q8NCK7,Q02833,0,PPI
Q969F9,P49862,0,PPI
P21695,Q5VT99,0,PPI
Q9NXL9,Q6IPR3,0,PPI
O94952,Q9NWZ8,0,PPI
Q7Z5L7,P58004,0,PPI
Q9H159,Q13405,0,PPI
Q53GS7,Q9NYJ1,0,PPI
O15085,Q14554,0,PPI
Q8N103,Q6SA08,0,PPI
Q9UJU6,P61647,0,PPI
P12755,Q9Y6V7,0,PPI
P43628,Q96PU8,0,PPI
O60841,Q96BY9,0,PPI
P30989,Q9NRW3,0,PPI
O75096,O43502,0,PPI
Q8TC44,Q9BUX1,0,PPI
Q6UVM3,Q15935,0,PPI
Q86TJ5,Q14728,0,PPI
O75170,Q7Z388,0,PPI
Q9P2T1,Q9HCC6,0,PPI
Q5VU97,Q8WYR4,0,PPI
O75077,Q9BZV2,0,PPI
Q86UR1,Q13642,0,PPI
P12821,Q2VWP7,0,PPI
Q8IWV2,Q9HD23,0,PPI
Q15147,Q5FWF4,0,PPI
P14618,Q96E93,0,PPI
Q5H9R7,Q6P2I7,0,PPI
O14772,Q99538,0,PPI
Q504T8,Q13291,0,PPI
Q6PCE3,O95715,0,PPI
O60716,Q9NVN8,0,PPI
Q8IZQ8,Q9UFN0,0,PPI
Q9H2S1,P49821,0,PPI
Q9HBX9,Q5JUR7,0,PPI
Q6UXC1,Q9Y2H2,0,PPI
Q86T24,P62277,0,PPI
Q9Y233,Q8TBK2,0,PPI
Q01518,P01008,0,PPI
B0YJ81,P07320,0,PPI
Q9NV88,Q9Y663,0,PPI
Q9H993,P0DJ07,0,PPI
Q9NQW1,P04035,0,PPI
Q5JQC9,P62633,0,PPI
Q8TC07,P36382,0,PPI
Q8NG92,Q9NSP4,0,PPI
P32189,O43927,0,PPI
Q6PD62,Q6S5H5,0,PPI
Q8NHS3,Q5VTD9,0,PPI
Q9Y6X9,Q96EB6,0,PPI
Q06210,Q8N6D2,0,PPI
Q8N653,P08908,0,PPI
Q5W0B7,Q9H1E1,0,PPI
Q9HBR0,P21283,0,PPI
Q15398,P04090,0,PPI
P12268,Q96DW6,0,PPI
Q6ZW49,A6NDU8,0,PPI
Q9Y570,Q14165,0,PPI
O75881,Q96DR5,0,PPI
P02771,Q9UMX6,0,PPI
Q8TF76,Q9C030,0,PPI
O00159,P25100,0,PPI
Q9NY47,P02675,0,PPI
Q8N1P7,Q12791,0,PPI
Q7Z624,P06748,0,PPI
P33897,Q9BWS9,0,PPI
Q8N1B4,Q8N2G8,0,PPI
Q8IZP7,P13686,0,PPI
A6NM62,P07585,0,PPI
Q9HAH1,Q9NW81,0,PPI
Q13591,Q86W56,0,PPI
Q8NEZ2,P0CG29,0,PPI
Q9BR77,Q96RB7,0,PPI
Q8NFR7,P13727,0,PPI
Q8NBF2,Q8NGC3,0,PPI
Q5JZY3,P04049,0,PPI
O95259,Q9Y4I5,0,PPI
P16389,Q07021,0,PPI
Q9Y6X2,Q86W50,0,PPI
Q14839,P28330,0,PPI
Q8N6D2,Q96S90,0,PPI
O15164,Q9UBH6,0,PPI
Q05209,Q9H892,0,PPI
Q9BSG1,Q05195,0,PPI
Q99572,Q569K4,0,PPI
Q12901,O00287,0,PPI
O43766,Q5JTN6,0,PPI
Q8NAN2,Q16342,0,PPI
P11413,Q92572,0,PPI
O43405,Q9NYM4,0,PPI
O95486,Q8NBT0,0,PPI
O00566,Q9Y287,0,PPI
P05023,Q9H9V9,0,PPI
Q5TIA1,Q96EP0,0,PPI
Q9Y3A3,Q15828,0,PPI
P47224,O95715,0,PPI
Q8TB96,Q8NG41,0,PPI
Q8NDT2,Q8NCG7,0,PPI
P0C6A0,Q99807,0,PPI
P42892,Q6ZS82,0,PPI
Q96RB7,Q9H4I9,0,PPI
P04629,Q9BTV5,0,PPI
O75051,Q15822,0,PPI
Q8WU67,Q9BUX1,0,PPI
P46779,Q02221,0,PPI
O00268,Q8N7B9,0,PPI
Q13018,Q92782,0,PPI
Q9BYD3,O43291,0,PPI
Q8N7W2,Q6ZSJ9,0,PPI
O60841,Q8NBF2,0,PPI
Q08AI6,A6NMT0,0,PPI
Q8NAC3,Q969Q4,0,PPI
Q96B86,Q9Y3A5,0,PPI
O43866,Q5VZF2,0,PPI
Q9GZX3,Q9H8S5,0,PPI
O14529,C9JPN9,0,PPI
Q8TCY9,Q10589,0,PPI
Q8N999,Q96E93,0,PPI
Q6NXP0,O95260,0,PPI
Q92543,P16581,0,PPI
Q70HW3,Q7RTS1,0,PPI
O95551,P59534,0,PPI
Q8NBT3,Q96JJ7,0,PPI
Q9NUP7,Q8NGJ9,0,PPI
P50416,P60006,0,PPI
Q9UK39,Q8TCW7,0,PPI
Q6ZMT9,Q9HBH1,0,PPI
O60312,Q96PX9,0,PPI
O15031,Q96D31,0,PPI
Q9UNX4,Q9NRR6,0,PPI
Q93038,P63272,0,PPI
Q96SQ9,Q9NS66,0,PPI
O43303,Q5EBM0,0,PPI
Q86U90,P26715,0,PPI
Q96G28,P04090,0,PPI
Q9Y2U8,Q9BZF1,0,PPI
O60706,Q8N584,0,PPI
Q9Y6J8,Q8N8Q3,0,PPI
P32241,Q8WZ04,0,PPI
Q2M2I8,Q0VAM2,0,PPI
P43686,Q96R48,0,PPI
Q96J66,Q96CT2,0,PPI
P10253,Q99518,0,PPI
Q15776,Q2QL34,0,PPI
Q92552,Q9Y242,0,PPI
Q9C091,Q9UN74,0,PPI
Q9GZN6,O95897,0,PPI
Q8NH76,O60262,0,PPI
Q96B86,P03923,0,PPI
Q5VSL9,P35613,0,PPI
Q68E01,Q8NAG6,0,PPI
O75387,Q9NVH6,0,PPI
P36776,O95749,0,PPI
O75751,Q9NP62,0,PPI
Q5T6X5,Q13505,0,PPI
O75112,O95258,0,PPI
P63261,Q4G0F5,0,PPI
Q00978,Q9UPM9,0,PPI
Q07820,Q9BRF8,0,PPI
O00358,Q8TAX0,0,PPI
Q8NGP3,Q8NHS9,0,PPI
O15245,P39877,0,PPI
Q86YB8,P0CJ88,0,PPI
Q8IWR0,P49589,0,PPI
Q13541,P31151,0,PPI
Q86TD4,Q9H299,0,PPI
Q8NH37,P50613,0,PPI
Q8TEY5,Q7L5L3,0,PPI
Q8NH72,Q8TCB6,0,PPI
Q6ZNB6,Q96IY1,0,PPI
O15467,Q9Y6H6,0,PPI
Q6ZNB7,Q8NGS8,0,PPI
P42694,O14718,0,PPI
P80404,Q8WVD3,0,PPI
Q8N427,Q9XRX5,0,PPI
Q03169,Q9H7C4,0,PPI
Q96RT1,Q8NDV1,0,PPI
P20594,Q8TDF5,0,PPI
Q9BY12,P08571,0,PPI
Q8N184,P0C7Q5,0,PPI
O43704,Q9H875,0,PPI
Q8N1E6,P12034,0,PPI
Q8NEM8,Q8NDB2,0,PPI
P08648,Q9BQ65,0,PPI
Q9Y227,Q86XT4,0,PPI
P20592,P43365,0,PPI
P07199,Q96RI0,0,PPI
P15509,Q96A47,0,PPI
Q86UZ6,Q6UWP2,0,PPI
Q2TB90,P34913,0,PPI
P07437,Q86SG7,0,PPI
Q8TCX1,Q53FP2,0,PPI
Q6XR72,Q5SVS4,0,PPI
Q9C0H9,P36894,0,PPI
Q9Y5H9,Q8TAP8,0,PPI
Q9NQW6,A8MTB9,0,PPI
Q9BQW3,Q6P4F1,0,PPI
Q9H0B6,Q96S19,0,PPI
P08648,Q7Z5Y7,0,PPI
Q13057,O43921,0,PPI
Q9H1V8,Q8N3I7,0,PPI
Q2NL82,Q9H300,0,PPI
Q7L1V2,P19622,0,PPI
O75886,Q8NGL1,0,PPI
Q8IX06,Q8N594,0,PPI
Q8NDZ2,Q8N1D5,0,PPI
P14778,Q8WV35,0,PPI
Q76KP1,P35354,0,PPI
Q8N8Q8,Q96DD7,0,PPI
P37088,Q9UKK9,0,PPI
Q8WXR4,O43307,0,PPI
Q16644,Q8NGV5,0,PPI
Q15392,P30047,0,PPI
P41182,Q00597,0,PPI
Q96D31,P56537,0,PPI
Q12874,Q8IZP6,0,PPI
Q9NZI5,P02144,0,PPI
O14495,Q9NX00,0,PPI
Q8N806,Q9UBP9,0,PPI
Q6PJP8,Q5TKA1,0,PPI
Q5W041,P63218,0,PPI
Q7Z5Q5,P11150,0,PPI
Q5SYB0,Q9NTI5,0,PPI
Q05932,Q30KQ7,0,PPI
O60583,Q9NUU7,0,PPI
Q96GX5,Q9UM11,0,PPI
P56645,P29508,0,PPI
P51170,Q15904,0,PPI
Q8NH67,Q9NX47,0,PPI
Q9Y6D9,Q16581,0,PPI
Q504T8,B6A8C7,0,PPI
Q86XZ4,O95873,0,PPI
Q9BXY5,Q9H0X4,0,PPI
P41595,Q9UIL4,0,PPI
Q13207,Q9Y6N5,0,PPI
P48200,P52907,0,PPI
Q5JPE7,Q96L94,0,PPI
Q86UX6,Q9BVH7,0,PPI
Q9UL01,Q64LD2,0,PPI
Q75QN2,P13051,0,PPI
Q99798,Q8TAE7,0,PPI
Q86SR1,P13984,0,PPI
Q9BYC2,P08910,0,PPI
P16442,P29965,0,PPI
Q658Y4,Q6P1R4,0,PPI
P31150,Q9BT76,0,PPI
Q12913,Q8N8L6,0,PPI
Q5JRS4,Q16772,0,PPI
Q9UK10,Q15822,0,PPI
Q5W0B1,Q13901,0,PPI
Q9Y4W6,Q86SG6,0,PPI
Q8IWZ5,Q8NFK1,0,PPI
Q16549,Q9HCC6,0,PPI
Q16775,Q9BTP7,0,PPI
Q9UKF2,Q86V81,0,PPI
Q5XUX0,P80370,0,PPI
P83110,Q16739,0,PPI
Q2TAA5,Q8WUA2,0,PPI
Q14582,P05014,0,PPI
Q9UEF7,Q5FYB1,0,PPI
O60307,Q76MJ5,0,PPI
P60842,P30954,0,PPI
Q9NR71,P15088,0,PPI
Q7Z6L1,Q5BLP8,0,PPI
P49221,P62942,0,PPI
Q96J84,P0C7L1,0,PPI
Q9UNS1,P29972,0,PPI
Q5T4D3,P51124,0,PPI
Q86X24,Q96PC3,0,PPI
O15072,Q9NW13,0,PPI
Q13144,P11474,0,PPI
Q8IUM7,P43360,0,PPI
P35241,O43556,0,PPI
Q9UBG0,P48382,0,PPI
Q9H6Y5,Q99969,0,PPI
P23634,Q496A3,0,PPI
P16415,P59535,0,PPI
P12931,Q8WVK7,0,PPI
Q7RTM1,Q6PEX7,0,PPI
Q9H2J7,P52306,0,PPI
Q96QE4,Q8IUS5,0,PPI
Q9ULH4,P35998,0,PPI
Q9P2R3,O15335,0,PPI
P78330,Q99584,0,PPI
Q9H1Z9,P35227,0,PPI
Q9HCB6,P0C5Y9,0,PPI
Q9NUT2,Q8N6T7,0,PPI
Q7Z5L9,Q6UWF9,0,PPI
P49641,O95965,0,PPI
Q9BR26,P13500,0,PPI
P55199,Q5W0N0,0,PPI
O60911,P32320,0,PPI
Q15048,Q96EU6,0,PPI
P48065,Q9Y2S2,0,PPI
Q8WWQ0,Q9Y3Y4,0,PPI
Q8IWW8,P35227,0,PPI
Q9HC38,P55774,0,PPI
P60983,H3BU77,0,PPI
Q9H765,P82914,0,PPI
Q02413,Q01831,0,PPI
Q8NG50,A5PLL7,0,PPI
Q96JK4,Q96P63,0,PPI
Q9UH99,Q96A33,0,PPI
Q8WYR4,Q16774,0,PPI
P0CJ88,Q9H205,0,PPI
Q8IWU6,Q5VWM4,0,PPI
Q9UBK8,Q9UBW8,0,PPI
O00451,Q7Z5S9,0,PPI
Q5H8A4,Q15392,0,PPI
Q9NWZ5,Q16661,0,PPI
Q86UZ6,Q13939,0,PPI
Q86TV6,O60496,0,PPI
Q14669,Q8IV63,0,PPI
Q8N118,Q5MNZ6,0,PPI
Q15465,Q8NGK6,0,PPI
Q9UK99,Q96GS6,0,PPI
Q5VIR6,Q6P1L6,0,PPI
O75747,Q9UMR7,0,PPI
Q02978,P00403,0,PPI
Q9GZP1,P14406,0,PPI
O94804,Q96T75,0,PPI
P49411,O60248,0,PPI
O43795,Q96DG6,0,PPI
Q9BV47,Q8TDB6,0,PPI
Q96JW4,Q96P68,0,PPI
P51811,Q8WWH5,0,PPI
Q53EL6,Q13562,0,PPI
H3BPF8,P04118,0,PPI
Q8IY21,P55075,0,PPI
Q99518,P57773,0,PPI
Q8N3T6,O75448,0,PPI
Q6ZMT4,P61353,0,PPI
Q6X9E4,Q8TAZ6,0,PPI
Q02153,O14807,0,PPI
Q5HYI8,Q8WUZ0,0,PPI
O43156,Q96CG8,0,PPI
O43264,Q9BRQ5,0,PPI
Q13461,Q9NYV7,0,PPI
Q9Y2W7,Q8WYH8,0,PPI
Q8NAM6,Q9BWT6,0,PPI
Q7Z304,Q6ZNB7,0,PPI
Q68DK7,O60931,0,PPI
Q8NDX2,P19526,0,PPI
Q9UNN8,Q96DD7,0,PPI
P36575,Q8IYL9,0,PPI
Q01201,Q13347,0,PPI
O00221,Q9H9P8,0,PPI
Q9Y446,Q9NUJ7,0,PPI
Q8IWY9,P02647,0,PPI
Q9BU89,Q8TD33,0,PPI
O15118,A6ND36,0,PPI
Q9NR19,Q16790,0,PPI
Q8WVZ1,Q9HBL7,0,PPI
O00592,Q8IYP2,0,PPI
P28300,Q5VWM5,0,PPI
O75882,P83876,0,PPI
P42025,Q9NP60,0,PPI
Q9BWV1,Q99788,0,PPI
Q5T5N4,P18621,0,PPI
O43193,Q99678,0,PPI
Q9BTF0,Q9P0J7,0,PPI
Q96AX1,Q5ZPR3,0,PPI
Q9BZK7,Q9NZR1,0,PPI
Q8NB78,Q53RT3,0,PPI
Q9Y2J8,Q7L5Y6,0,PPI
P08185,Q9Y5Y4,0,PPI
P26439,Q8NH67,0,PPI
P52788,Q8TCD1,0,PPI
Q92905,O75489,0,PPI
Q9Y3P9,Q13794,0,PPI
Q5JRV8,Q02539,0,PPI
O60479,O95926,0,PPI
Q709F0,Q9ULV1,0,PPI
Q9Y3Y4,Q9H7Z7,0,PPI
Q9UNS1,Q6ZT98,0,PPI
Q9P0L9,P01374,0,PPI
Q9Y6B6,O95968,0,PPI
Q10586,Q8WYK2,0,PPI
Q7Z7G1,Q9GZZ0,0,PPI
O94967,Q8TCB6,0,PPI
Q5TB30,Q5MNZ6,0,PPI
Q8NA82,Q8NH63,0,PPI
P46087,Q03135,0,PPI
Q96MT7,P58335,0,PPI
P49281,Q16654,0,PPI
Q7L0X2,Q92583,0,PPI
Q9NRJ4,Q5VWM3,0,PPI
Q9UJ96,Q96S90,0,PPI
O43896,Q9NWB6,0,PPI
Q96BV0,Q96A47,0,PPI
Q9NYL9,P04216,0,PPI
P05141,P60953,0,PPI
Q86TP1,Q8N136,0,PPI
Q8WWW0,P00813,0,PPI
A2PYH4,P16383,0,PPI
Q5VW36,O15120,0,PPI
Q6P087,P18077,0,PPI
Q96HB5,O95997,0,PPI
Q01453,O43678,0,PPI
Q7Z2F6,P06280,0,PPI
Q9NUJ1,Q9BUT1,0,PPI
Q587J7,Q14126,0,PPI
Q96C11,Q969S2,0,PPI
Q9NP59,P19961,0,PPI
Q8NAA4,P07602,0,PPI
P46093,P80075,0,PPI
Q7L9B9,Q96NB2,0,PPI
Q86YF9,Q96MF2,0,PPI
O00754,Q504Y2,0,PPI
Q5SXH7,Q8TBR7,0,PPI
Q9UFC0,Q0GE19,0,PPI
Q9UBK9,P15090,0,PPI
Q9GZV5,P09467,0,PPI
P20839,Q13148,0,PPI
Q15477,Q8IUZ5,0,PPI
Q8NFN8,Q9NQ34,0,PPI
Q6ZW61,Q99943,0,PPI
Q9H336,Q6ZMM2,0,PPI
Q9HD40,Q12887,0,PPI
P51790,P12694,0,PPI
A8MVX0,O15111,0,PPI
Q8NGF4,P50591,0,PPI
Q9NXZ2,Q8IVL8,0,PPI
Q96R67,Q53S33,0,PPI
Q5VWG9,P23769,0,PPI
Q96E39,Q96MH6,0,PPI
Q9UJT0,Q9H6R6,0,PPI
Q92565,Q8NGM9,0,PPI
O95759,Q14CB8,0,PPI
Q96EB6,P15088,0,PPI
Q9UBL9,Q9Y691,0,PPI
P27487,Q8NEY3,0,PPI
Q8N2F6,A6NHS7,0,PPI
Q9H714,Q5T7M4,0,PPI
Q5T2T1,Q15363,0,PPI
P09874,Q8NEP9,0,PPI
Q6P5Z2,O75600,0,PPI
Q9H7Z7,Q8NHS0,0,PPI
O14842,O75324,0,PPI
Q9UQ49,Q13216,0,PPI
Q8WVM8,Q9BY08,0,PPI
Q13117,Q9NRP4,0,PPI
O43299,P10645,0,PPI
Q92896,P34947,0,PPI
Q5FYB1,Q6KCM7,0,PPI
Q9BYN7,Q15776,0,PPI
Q7Z3K3,Q8TCB6,0,PPI
Q96EK2,O60262,0,PPI
Q9Y3A0,Q8TD07,0,PPI
P53004,P62269,0,PPI
O14874,Q9Y2T6,0,PPI
O15455,O14771,0,PPI
O15530,Q9UKI3,0,PPI
Q4ZG55,Q8N0U4,0,PPI
Q14195,P24387,0,PPI
Q86X10,Q8NGE2,0,PPI
Q86WZ0,P23219,0,PPI
O00750,Q86T20,0,PPI
Q9Y2Z0,P30301,0,PPI
Q9H0X6,F2Z333,0,PPI
Q8NGB6,O15120,0,PPI
Q9NXN4,O75911,0,PPI
Q8TDI7,Q8N3A8,0,PPI
P19883,Q9BQS6,0,PPI
Q7Z3F1,Q8N565,0,PPI
Q70YC5,O75431,0,PPI
Q6TDP4,O15524,0,PPI
P35998,O43542,0,PPI
Q92674,Q8IUK5,0,PPI
Q96D96,Q6ZWI9,0,PPI
A8K2U0,Q14139,0,PPI
Q8NCL8,Q96C90,0,PPI
Q9BXW7,Q9BXY0,0,PPI
Q86YR6,O60404,0,PPI
Q0JRZ9,A6NKF2,0,PPI
P43487,Q9Y383,0,PPI
M0QZC1,Q6DKI7,0,PPI
Q6DHV5,P18848,0,PPI
Q9Y2U8,P30838,0,PPI
Q6R6M4,Q9H0R6,0,PPI
P59551,Q9P015,0,PPI
O43314,O00483,0,PPI
Q96LB8,Q9P0N8,0,PPI
O60809,Q8WVJ9,0,PPI
P09104,P80365,0,PPI
Q15054,P09455,0,PPI
Q8N3T6,Q9NV06,0,PPI
Q12788,O14521,0,PPI
Q96RA2,P23193,0,PPI
Q504Y0,Q12980,0,PPI
P15586,Q6ZVZ8,0,PPI
Q2TB90,Q9H553,0,PPI
Q8TBC3,P00846,0,PPI
Q9UI46,Q16877,0,PPI
Q96JW4,Q5VVX9,0,PPI
Q92830,Q10469,0,PPI
Q5ZPR3,P11441,0,PPI
O75570,Q9BXJ4,0,PPI
Q8IWD5,P61604,0,PPI
Q96I15,O14921,0,PPI
Q8TBY9,Q6PJG9,0,PPI
Q6P9F7,O95969,0,PPI
Q96G91,Q00796,0,PPI
Q8NH19,P15259,0,PPI
Q5TAA0,P48167,0,PPI
Q13487,Q7Z7F7,0,PPI
Q86SQ0,P23229,0,PPI
P22314,Q8TE85,0,PPI
Q9H0B8,Q86TS9,0,PPI
Q6IWH7,Q9Y4X3,0,PPI
Q9ULT6,Q13133,0,PPI
Q96HC4,O43913,0,PPI
Q9Y239,Q96N76,0,PPI
Q9Y487,Q96NY8,0,PPI
Q9P2Y5,Q9UMR3,0,PPI
P02753,O60542,0,PPI
P20936,P16118,0,PPI
Q99571,P30520,0,PPI
Q8NGP2,Q8NGV0,0,PPI
Q99689,P48304,0,PPI
Q8N5S9,Q92731,0,PPI
Q9H788,P80075,0,PPI
Q8WU66,Q9NR81,0,PPI
P05177,Q8TB40,0,PPI
Q5FVE4,Q2VPA4,0,PPI
Q9NQX4,P01876,0,PPI
Q9H5P4,Q8WWY8,0,PPI
Q9NRJ4,Q14714,0,PPI
Q3LXA3,Q9NR00,0,PPI
Q8N3Y1,Q13607,0,PPI
P22830,Q7Z614,0,PPI
Q8NHH9,Q8N8I0,0,PPI
O43684,Q30KQ5,0,PPI
Q5HY98,O60487,0,PPI
Q8TD47,P37840,0,PPI
Q9BQI5,O95999,0,PPI
Q9UFC0,O14807,0,PPI
O95847,Q8N0Y7,0,PPI
Q14974,O95069,0,PPI
Q5T7P8,Q6ZMT1,0,PPI
Q9NRJ5,Q9HDC9,0,PPI
Q9P0Z9,Q6ZQR2,0,PPI
Q5T601,Q9H078,0,PPI
Q99571,Q8IW19,0,PPI
P84074,P04090,0,PPI
Q6N063,O60930,0,PPI
Q6IEV9,O95755,0,PPI
Q7Z3U7,Q8N8U3,0,PPI
Q8NGG6,Q6TCH7,0,PPI
O00418,Q9Y603,0,PPI
Q8N370,Q5VVX9,0,PPI
Q1X8D7,Q9UQ10,0,PPI
P16452,A1A4Y4,0,PPI
Q96IZ6,Q9H5J4,0,PPI
Q96MK3,A1L168,0,PPI
Q6ZN30,P62633,0,PPI
Q8NB14,Q9UID6,0,PPI
Q9Y2L9,Q9Y698,0,PPI
P52738,O95861,0,PPI
Q5FWF4,P36537,0,PPI
Q7Z5Q5,Q5VXH5,0,PPI
Q9BXC9,P12081,0,PPI
Q52LW3,P98198,0,PPI
Q5VY80,Q9NSI2,0,PPI
Q9UN74,P82251,0,PPI
Q14CN4,Q8N7F7,0,PPI
P59533,Q9HC38,0,PPI
Q16394,Q13277,0,PPI
Q9H2P0,O43304,0,PPI
Q53T59,O95006,0,PPI
Q4W5G0,Q9NU23,0,PPI
Q05823,Q969G5,0,PPI
Q8IYS2,Q7Z5Y6,0,PPI
Q16877,Q96CH1,0,PPI
Q9H6F5,Q96HP4,0,PPI
Q8NH05,P35080,0,PPI
Q6NUK1,Q8NCS4,0,PPI
P18848,P62841,0,PPI
Q9BWF2,Q3KNT9,0,PPI
A8MW92,O43613,0,PPI
Q9NWH9,A0PJX2,0,PPI
Q86SG3,O95352,0,PPI
Q02241,Q9Y2W7,0,PPI
P39023,Q9UJ37,0,PPI
P17693,Q4G0S7,0,PPI
Q92636,Q8IV42,0,PPI
Q9UEW8,P62273,0,PPI
P17174,O94907,0,PPI
Q92187,Q14982,0,PPI
Q9NWH9,Q9NWV4,0,PPI
Q96TA1,Q9H015,0,PPI
Q5H9S7,P30519,0,PPI
Q96PB1,P62917,0,PPI
Q8N6S4,Q86X02,0,PPI
Q5VYS8,Q13724,0,PPI
P58505,P63220,0,PPI
Q9UMQ6,O43903,0,PPI
Q86T96,P49458,0,PPI
Q13630,P0C7I6,0,PPI
Q9Y5J1,Q8IZA3,0,PPI
Q5VWM3,Q96MD2,0,PPI
Q05209,Q8N4S0,0,PPI
O60759,O14931,0,PPI
O14756,Q9NPD3,0,PPI
Q8N4S0,Q9BY64,0,PPI
Q9NXC5,Q9BZG8,0,PPI
P19634,O95461,0,PPI
Q9Y679,Q9NQR9,0,PPI
